msdrg,is_pac,is_sp,is_medical,title,drgwt,sl,ssl,isnew,ccmcc_type,mcr_dc,mdc
1,F,F,F,HEART TRANSPLANT OR IMPLANT OF HEART ASSIST SYSTEM W MCC,26.4106,Transplant,Transplant,A,2,2341,0
2,F,F,F,HEART TRANSPLANT OR IMPLANT OF HEART ASSIST SYSTEM W/O MCC,13.4227,Transplant,Transplant,A,0,209,0
3,T,F,F,"ECMO OR TRACH W MV >96 HRS OR PDX EXC FACE, MOUTH & NECK W MAJ O.R.",18.2974,All Other,Trach,A,9,15890,0
4,T,F,F,"TRACH W MV >96 HRS OR PDX EXC FACE, MOUTH & NECK W/O MAJ O.R.",11.4192,All Other,Trach,A,9,14555,0
5,F,F,F,LIVER TRANSPLANT W MCC OR INTESTINAL TRANSPLANT,10.2545,Transplant,Transplant,A,2,1342,0
6,F,F,F,LIVER TRANSPLANT W/O MCC,4.8655,Transplant,Transplant,A,0,548,0
7,F,F,F,LUNG TRANSPLANT,10.651,Transplant,Transplant,A,9,620,0
8,F,F,F,SIMULTANEOUS PANCREAS/KIDNEY TRANSPLANT,5.249,Transplant,Transplant,A,9,444,0
10,F,F,F,PANCREAS TRANSPLANT,4.5139,Transplant,Transplant,A,9,59,0
11,F,F,F,"TRACHEOSTOMY FOR FACE, MOUTH & NECK DIAGNOSES OR LARYNGECTOMY W MCC",4.9124,Oncology,Cancer - Surgical,A,2,1837,0
12,F,F,F,"TRACHEOSTOMY FOR FACE, MOUTH & NECK DIAGNOSES OR LARYNGECTOMY W CC",3.8137,Oncology,Cancer - Surgical,A,1,1821,0
13,F,F,F,"TRACHEOSTOMY FOR FACE, MOUTH & NECK DIAGNOSES OR LARYNGECTOMY W/O CC/MCC",2.3265,Oncology,Cancer - Surgical,A,0,611,0
14,F,F,F,ALLOGENEIC BONE MARROW TRANSPLANT,11.9503,Oncology,BMT,A,9,952,0
16,F,F,F,AUTOLOGOUS BONE MARROW TRANSPLANT  W CC/MCC OR T-CELL IMMUNOTHERAPY,6.5394,Oncology,BMT,A,2,2095,0
17,F,F,F,AUTOLOGOUS BONE MARROW TRANSPLANT W/O CC/MCC,4.3811,Oncology,BMT,A,0,135,0
20,F,F,F,INTRACRANIAL VASCULAR PROCEDURES W PDX HEMORRHAGE W MCC,10.4253,Neuroscience,Neurosurgery,A,2,1423,1
21,F,F,F,INTRACRANIAL VASCULAR PROCEDURES W PDX HEMORRHAGE W CC,7.9056,Neuroscience,Neurosurgery,A,1,434,1
22,F,F,F,INTRACRANIAL VASCULAR PROCEDURES W PDX HEMORRHAGE W/O CC/MCC,5.1575,Neuroscience,Neurosurgery,A,0,94,1
23,T,T,F,CRANIOTOMY W MAJOR DEVICE IMPLANT OR ACUTE COMPLEX CNS PDX W MCC OR CHEMOTHERAPY IMPLANT OR EPILEPSY W NEUROSTIMULATOR,5.4601,Neuroscience,Neurosurgery,A,2,9270,1
24,T,T,F,CRANIO W MAJOR DEV IMPL/ACUTE COMPLEX CNS PDX W/O MCC,3.9194,Neuroscience,Neurosurgery,A,0,3650,1
25,T,F,F,CRANIOTOMY & ENDOVASCULAR INTRACRANIAL PROCEDURES W MCC,4.2775,Neuroscience,Neurosurgery,A,2,21010,1
26,T,F,F,CRANIOTOMY & ENDOVASCULAR INTRACRANIAL PROCEDURES W CC,3.0157,Neuroscience,Neurosurgery,A,1,9859,1
27,T,F,F,CRANIOTOMY & ENDOVASCULAR INTRACRANIAL PROCEDURES W/O CC/MCC,2.4057,Neuroscience,Neurosurgery,A,0,10843,1
28,T,T,F,SPINAL PROCEDURES W MCC,5.3748,Spine,Spine - Surgical,A,2,2019,1
29,T,T,F,SPINAL PROCEDURES W CC OR SPINAL NEUROSTIMULATORS,3.1557,Spine,Spine - Surgical,A,1,3745,1
30,T,T,F,SPINAL PROCEDURES W/O CC/MCC,2.1757,Spine,Spine - Surgical,A,0,1692,1
31,T,F,F,VENTRICULAR SHUNT PROCEDURES W MCC,4.1829,Neuroscience,Neurosurgery,A,2,921,1
32,T,F,F,VENTRICULAR SHUNT PROCEDURES W CC,2.3021,Neuroscience,Neurosurgery,A,1,2198,1
33,T,F,F,VENTRICULAR SHUNT PROCEDURES W/O CC/MCC,1.6877,Neuroscience,Neurosurgery,A,0,2782,1
34,F,F,F,CAROTID ARTERY STENT PROCEDURE W MCC,3.5998,Cardiovascular,Vascular - Surgical,A,2,722,1
35,F,F,F,CAROTID ARTERY STENT PROCEDURE W CC,2.2203,Cardiovascular,Vascular - Surgical,A,1,2255,1
36,F,F,F,CAROTID ARTERY STENT PROCEDURE W/O CC/MCC,1.726,Cardiovascular,Vascular - Surgical,A,0,3182,1
37,F,F,F,EXTRACRANIAL PROCEDURES W MCC,3.2098,Cardiovascular,Vascular - Surgical,A,2,4043,1
38,F,F,F,EXTRACRANIAL PROCEDURES W CC,1.6717,Cardiovascular,Vascular - Surgical,A,1,12666,1
39,F,F,F,EXTRACRANIAL PROCEDURES W/O CC/MCC,1.1324,Cardiovascular,Vascular - Surgical,A,0,26417,1
40,T,T,F,PERIPH/CRANIAL NERVE & OTHER NERV SYST PROC W MCC,3.9282,Neuroscience,Neurosurgery,A,2,4436,1
41,T,T,F,PERIPH/CRANIAL NERVE & OTHER NERV SYST PROC W CC OR PERIPH NEUROSTIM,2.3584,Neuroscience,Neurosurgery,A,1,6320,1
42,T,T,F,PERIPH/CRANIAL NERVE & OTHER NERV SYST PROC W/O CC/MCC,1.8715,Neuroscience,Neurosurgery,A,0,2324,1
52,F,F,T,SPINAL DISORDERS & INJURIES W CC/MCC,1.7004,All Other,Miscellaneous - Medical,A,2,881,1
53,F,F,T,SPINAL DISORDERS & INJURIES W/O CC/MCC,0.9141,All Other,Miscellaneous - Medical,A,0,249,1
54,T,F,T,NERVOUS SYSTEM NEOPLASMS W MCC,1.3166,Oncology,Cancer - Medical,A,2,12374,1
55,T,F,T,NERVOUS SYSTEM NEOPLASMS W/O MCC,1.0472,Oncology,Cancer - Medical,A,0,5008,1
56,T,F,T,DEGENERATIVE NERVOUS SYSTEM DISORDERS W MCC,2.1245,Neuroscience,Neurology,A,2,9873,1
57,T,F,T,DEGENERATIVE NERVOUS SYSTEM DISORDERS W/O MCC,1.2089,Neuroscience,Neurology,A,0,32176,1
58,F,F,T,MULTIPLE SCLEROSIS & CEREBELLAR ATAXIA W MCC,1.7596,Neuroscience,Neurology,A,2,869,1
59,F,F,T,MULTIPLE SCLEROSIS & CEREBELLAR ATAXIA W CC,1.0993,Neuroscience,Neurology,A,1,3176,1
60,F,F,T,MULTIPLE SCLEROSIS & CEREBELLAR ATAXIA W/O CC/MCC,0.8327,Neuroscience,Neurology,A,0,2700,1
61,F,F,T,"ISCHEMIC STROKE, PRECEREBRAL OCCLUSION OR TRANSIENT ISCHEMIA W THROMBOLYTIC AGENT W MCC",2.8477,Neuroscience,Neurology,A,2,4985,1
62,F,F,T,"ISCHEMIC STROKE, PRECEREBRAL OCCLUSION OR TRANSIENT ISCHEMIA W THROMBOLYTIC AGENT W CC",1.9437,Neuroscience,Neurology,A,1,10781,1
63,F,F,T,"ISCHEMIC STROKE, PRECEREBRAL OCCLUSION OR TRANSIENT ISCHEMIA W THROMBOLYTIC AGENT W/O CC/MCC",1.628,Neuroscience,Neurology,A,0,2119,1
64,T,F,T,INTRACRANIAL HEMORRHAGE OR CEREBRAL INFARCTION W MCC,1.8692,Neuroscience,Neurology,A,2,71815,1
65,T,F,T,INTRACRANIAL HEMORRHAGE OR CEREBRAL INFARCTION W CC OR TPA IN 24 HRS,1.0315,Neuroscience,Neurology,A,1,121685,1
66,T,F,T,INTRACRANIAL HEMORRHAGE OR CEREBRAL INFARCTION W/O CC/MCC,0.7268,Neuroscience,Neurology,A,0,36787,1
67,F,F,T,NONSPECIFIC CVA & PRECEREBRAL OCCLUSION W/O INFARCT W MCC,1.5014,Neuroscience,Neurology,A,2,805,1
68,F,F,T,NONSPECIFIC CVA & PRECEREBRAL OCCLUSION W/O INFARCT W/O MCC,0.8987,Neuroscience,Neurology,A,0,4027,1
69,F,F,T,TRANSIENT ISCHEMIA W/O THROMBOLYTIC,0.7655,Neuroscience,Neurology,A,9,47626,1
70,T,F,T,NONSPECIFIC CEREBROVASCULAR DISORDERS W MCC,1.6453,Neuroscience,Neurology,A,2,16273,1
71,T,F,T,NONSPECIFIC CEREBROVASCULAR DISORDERS W CC,0.9858,Neuroscience,Neurology,A,1,16655,1
72,T,F,T,NONSPECIFIC CEREBROVASCULAR DISORDERS W/O CC/MCC,0.742,Neuroscience,Neurology,A,0,4196,1
73,F,F,T,CRANIAL & PERIPHERAL NERVE DISORDERS W MCC,1.4111,Neuroscience,Neurology,A,2,7174,1
74,F,F,T,CRANIAL & PERIPHERAL NERVE DISORDERS W/O MCC,0.9739,Neuroscience,Neurology,A,0,18097,1
75,F,F,T,VIRAL MENINGITIS W CC/MCC,1.4816,Neuroscience,Neurology,A,2,726,1
76,F,F,T,VIRAL MENINGITIS W/O CC/MCC,0.8248,Neuroscience,Neurology,A,0,238,1
77,F,F,T,HYPERTENSIVE ENCEPHALOPATHY W MCC,1.552,Neuroscience,Neurology,A,2,1952,1
78,F,F,T,HYPERTENSIVE ENCEPHALOPATHY W CC,0.9701,Neuroscience,Neurology,A,1,2786,1
79,F,F,T,HYPERTENSIVE ENCEPHALOPATHY W/O CC/MCC,0.7465,Neuroscience,Neurology,A,0,762,1
80,F,F,T,NONTRAUMATIC STUPOR & COMA W MCC,1.8788,Neuroscience,Neurology,A,2,531,1
81,F,F,T,NONTRAUMATIC STUPOR & COMA W/O MCC,0.8546,Neuroscience,Neurology,A,0,719,1
82,F,F,T,"TRAUMATIC STUPOR & COMA, COMA >1 HR W MCC",2.1586,Neuroscience,Neurology,A,2,4590,1
83,F,F,T,"TRAUMATIC STUPOR & COMA, COMA >1 HR W CC",1.295,Neuroscience,Neurology,A,1,6001,1
84,F,F,T,"TRAUMATIC STUPOR & COMA, COMA >1 HR W/O CC/MCC",0.9233,Neuroscience,Neurology,A,0,3598,1
85,T,F,T,"TRAUMATIC STUPOR & COMA, COMA <1 HR W MCC",2.18,Neuroscience,Neurology,A,2,9335,1
86,T,F,T,"TRAUMATIC STUPOR & COMA, COMA <1 HR W CC",1.2431,Neuroscience,Neurology,A,1,17909,1
87,T,F,T,"TRAUMATIC STUPOR & COMA, COMA <1 HR W/O CC/MCC",0.8453,Neuroscience,Neurology,A,0,10749,1
88,F,F,T,CONCUSSION W MCC,1.4796,Neuroscience,Neurology,A,2,639,1
89,F,F,T,CONCUSSION W CC,1.0675,Neuroscience,Neurology,A,1,2099,1
90,F,F,T,CONCUSSION W/O CC/MCC,0.7934,Neuroscience,Neurology,A,0,931,1
91,T,F,T,OTHER DISORDERS OF NERVOUS SYSTEM W MCC,1.612,Neuroscience,Neurology,A,2,13790,1
92,T,F,T,OTHER DISORDERS OF NERVOUS SYSTEM W CC,0.9433,Neuroscience,Neurology,A,1,22038,1
93,T,F,T,OTHER DISORDERS OF NERVOUS SYSTEM W/O CC/MCC,0.7378,Neuroscience,Neurology,A,0,8248,1
94,F,F,T,BACTERIAL & TUBERCULOUS INFECTIONS OF NERVOUS SYSTEM W MCC,3.6779,Neuroscience,Neurology,A,2,1391,1
95,F,F,T,BACTERIAL & TUBERCULOUS INFECTIONS OF NERVOUS SYSTEM W CC,2.3809,Neuroscience,Neurology,A,1,1335,1
96,F,F,T,BACTERIAL & TUBERCULOUS INFECTIONS OF NERVOUS SYSTEM W/O CC/MCC,2.111,Neuroscience,Neurology,A,0,490,1
97,F,F,T,NON-BACTERIAL INFECT OF NERVOUS SYS EXC VIRAL MENINGITIS W MCC,3.5389,Neuroscience,Neurology,A,2,1842,1
98,F,F,T,NON-BACTERIAL INFECT OF NERVOUS SYS EXC VIRAL MENINGITIS W CC,1.8505,Neuroscience,Neurology,A,1,1842,1
99,F,F,T,NON-BACTERIAL INFECT OF NERVOUS SYS EXC VIRAL MENINGITIS W/O CC/MCC,1.2729,Neuroscience,Neurology,A,0,554,1
100,T,F,T,SEIZURES W MCC,1.8124,Neuroscience,Neurology,A,2,22335,1
101,T,F,T,SEIZURES W/O MCC,0.8693,Neuroscience,Neurology,A,0,46240,1
102,F,F,T,HEADACHES W MCC,1.0765,Neuroscience,Neurology,A,2,1359,1
103,F,F,T,HEADACHES W/O MCC,0.7814,Neuroscience,Neurology,A,0,10704,1
113,F,F,F,ORBITAL PROCEDURES W CC/MCC,2.3027,Ophthalmology,Ophthalmology,A,2,463,2
114,F,F,F,ORBITAL PROCEDURES W/O CC/MCC,1.2551,Ophthalmology,Ophthalmology,A,0,159,2
115,F,F,F,EXTRAOCULAR PROCEDURES EXCEPT ORBIT,1.3621,Ophthalmology,Ophthalmology,A,9,662,2
116,F,F,F,INTRAOCULAR PROCEDURES W CC/MCC,1.708,Ophthalmology,Ophthalmology,A,2,354,2
117,F,F,F,INTRAOCULAR PROCEDURES W/O CC/MCC,1.0025,Ophthalmology,Ophthalmology,A,0,161,2
121,F,F,T,ACUTE MAJOR EYE INFECTIONS W CC/MCC,1.0593,Ophthalmology,Ophthalmology,A,2,543,2
122,F,F,T,ACUTE MAJOR EYE INFECTIONS W/O CC/MCC,0.7058,Ophthalmology,Ophthalmology,A,0,185,2
123,F,F,T,NEUROLOGICAL EYE DISORDERS,0.7529,Ophthalmology,Ophthalmology,A,9,2709,2
124,F,F,T,OTHER DISORDERS OF THE EYE W MCC,1.3313,Ophthalmology,Ophthalmology,A,2,822,2
125,F,F,T,OTHER DISORDERS OF THE EYE W/O MCC,0.8102,Ophthalmology,Ophthalmology,A,0,3328,2
129,F,F,F,MAJOR HEAD & NECK PROCEDURES W CC/MCC OR MAJOR DEVICE,2.431,ENT,ENT - Surgical,A,2,1992,3
130,F,F,F,MAJOR HEAD & NECK PROCEDURES W/O CC/MCC,1.4912,ENT,ENT - Surgical,A,0,1083,3
131,F,F,F,CRANIAL/FACIAL PROCEDURES W CC/MCC,2.6284,ENT,ENT - Surgical,A,2,1300,3
132,F,F,F,CRANIAL/FACIAL PROCEDURES W/O CC/MCC,1.5286,ENT,ENT - Surgical,A,0,559,3
133,F,F,F,"OTHER EAR, NOSE, MOUTH & THROAT O.R. PROCEDURES W CC/MCC",2.0986,ENT,ENT - Surgical,A,2,1935,3
134,F,F,F,"OTHER EAR, NOSE, MOUTH & THROAT O.R. PROCEDURES W/O CC/MCC",1.1987,ENT,ENT - Surgical,A,0,1112,3
135,F,F,F,SINUS & MASTOID PROCEDURES W CC/MCC,2.2982,ENT,ENT - Surgical,A,2,297,3
136,F,F,F,SINUS & MASTOID PROCEDURES W/O CC/MCC,1.2125,ENT,ENT - Surgical,A,0,99,3
137,F,F,F,MOUTH PROCEDURES W CC/MCC,1.3771,All Other,Dental,A,2,850,3
138,F,F,F,MOUTH PROCEDURES W/O CC/MCC,0.8452,All Other,Dental,A,0,408,3
139,F,F,F,SALIVARY GLAND PROCEDURES,1.1604,ENT,ENT - Surgical,A,9,359,3
146,F,F,T,"EAR, NOSE, MOUTH & THROAT MALIGNANCY W MCC",1.9231,Oncology,Cancer - Medical,A,2,1013,3
147,F,F,T,"EAR, NOSE, MOUTH & THROAT MALIGNANCY W CC",1.2505,Oncology,Cancer - Medical,A,1,949,3
148,F,F,T,"EAR, NOSE, MOUTH & THROAT MALIGNANCY W/O CC/MCC",0.7238,Oncology,Cancer - Medical,A,0,252,3
149,F,F,T,DYSEQUILIBRIUM,0.7111,ENT,ENT - Medical,A,9,16172,3
150,F,F,T,EPISTAXIS W MCC,1.3275,ENT,ENT - Medical,A,2,1007,3
151,F,F,T,EPISTAXIS W/O MCC,0.7038,ENT,ENT - Medical,A,0,2484,3
152,F,F,T,OTITIS MEDIA & URI W MCC,1.0421,ENT,ENT - Medical,A,2,3674,3
153,F,F,T,OTITIS MEDIA & URI W/O MCC,0.7118,ENT,ENT - Medical,A,0,10782,3
154,F,F,T,"OTHER EAR, NOSE, MOUTH & THROAT DIAGNOSES W MCC",1.4465,ENT,ENT - Medical,A,2,1961,3
155,F,F,T,"OTHER EAR, NOSE, MOUTH & THROAT DIAGNOSES W CC",0.8833,ENT,ENT - Medical,A,1,4447,3
156,F,F,T,"OTHER EAR, NOSE, MOUTH & THROAT DIAGNOSES W/O CC/MCC",0.6599,ENT,ENT - Medical,A,0,1780,3
157,F,F,T,DENTAL & ORAL DISEASES W MCC,1.673,All Other,Dental,A,2,1651,3
158,F,F,T,DENTAL & ORAL DISEASES W CC,0.8903,All Other,Dental,A,1,3494,3
159,F,F,T,DENTAL & ORAL DISEASES W/O CC/MCC,0.6784,All Other,Dental,A,0,1064,3
163,T,F,F,MAJOR CHEST PROCEDURES W MCC,4.9193,Respiratory,Thoracic Surgery,A,2,11746,4
164,T,F,F,MAJOR CHEST PROCEDURES W CC,2.5689,Respiratory,Thoracic Surgery,A,1,15679,4
165,T,F,F,MAJOR CHEST PROCEDURES W/O CC/MCC,1.8524,Respiratory,Thoracic Surgery,A,0,8269,4
166,T,F,F,OTHER RESP SYSTEM O.R. PROCEDURES W MCC,3.498,Respiratory,Thoracic Surgery,A,2,19234,4
167,T,F,F,OTHER RESP SYSTEM O.R. PROCEDURES W CC,1.8976,Respiratory,Thoracic Surgery,A,1,10664,4
168,T,F,F,OTHER RESP SYSTEM O.R. PROCEDURES W/O CC/MCC,1.3416,Respiratory,Thoracic Surgery,A,0,3202,4
175,T,F,T,PULMONARY EMBOLISM W MCC,1.4649,Respiratory,Pulmonology,A,2,24140,4
176,T,F,T,PULMONARY EMBOLISM W/O MCC,0.899,Respiratory,Pulmonology,A,0,34930,4
177,T,F,T,RESPIRATORY INFECTIONS & INFLAMMATIONS W MCC,1.8408,Respiratory,Pulmonology,A,2,65468,4
178,T,F,T,RESPIRATORY INFECTIONS & INFLAMMATIONS W CC,1.2744,Respiratory,Pulmonology,A,1,33061,4
179,T,F,T,RESPIRATORY INFECTIONS & INFLAMMATIONS W/O CC/MCC,0.9215,Respiratory,Pulmonology,A,0,6858,4
180,F,F,T,RESPIRATORY NEOPLASMS W MCC,1.696,Oncology,Cancer - Medical,A,2,18250,4
181,F,F,T,RESPIRATORY NEOPLASMS W CC,1.1409,Oncology,Cancer - Medical,A,1,11528,4
182,F,F,T,RESPIRATORY NEOPLASMS W/O CC/MCC,0.7951,Oncology,Cancer - Medical,A,0,764,4
183,F,F,T,MAJOR CHEST TRAUMA W MCC,1.4909,Trauma,Trauma,A,2,4895,4
184,F,F,T,MAJOR CHEST TRAUMA W CC,1.0044,Trauma,Trauma,A,1,9283,4
185,F,F,T,MAJOR CHEST TRAUMA W/O CC/MCC,0.7323,Trauma,Trauma,A,0,2641,4
186,T,F,T,PLEURAL EFFUSION W MCC,1.5595,Respiratory,Pulmonology,A,2,10526,4
187,T,F,T,PLEURAL EFFUSION W CC,1.054,Respiratory,Pulmonology,A,1,7260,4
188,T,F,T,PLEURAL EFFUSION W/O CC/MCC,0.7672,Respiratory,Pulmonology,A,0,1538,4
189,F,F,T,PULMONARY EDEMA & RESPIRATORY FAILURE,1.2353,Respiratory,Pulmonology,A,9,168648,4
190,T,F,T,CHRONIC OBSTRUCTIVE PULMONARY DISEASE W MCC,1.1907,Respiratory,Pulmonology,A,2,217237,4
191,T,F,T,CHRONIC OBSTRUCTIVE PULMONARY DISEASE W CC,0.9139,Respiratory,Pulmonology,A,1,91000,4
192,T,F,T,CHRONIC OBSTRUCTIVE PULMONARY DISEASE W/O CC/MCC,0.7241,Respiratory,Pulmonology,A,0,39716,4
193,T,F,T,SIMPLE PNEUMONIA & PLEURISY W MCC,1.3167,Respiratory,Pulmonology,A,2,104763,4
194,T,F,T,SIMPLE PNEUMONIA & PLEURISY W CC,0.9002,Respiratory,Pulmonology,A,1,107100,4
195,T,F,T,SIMPLE PNEUMONIA & PLEURISY W/O CC/MCC,0.6868,Respiratory,Pulmonology,A,0,35597,4
196,T,F,T,INTERSTITIAL LUNG DISEASE W MCC,1.6381,Respiratory,Pulmonology,A,2,8023,4
197,T,F,T,INTERSTITIAL LUNG DISEASE W CC,1.0017,Respiratory,Pulmonology,A,1,3317,4
198,T,F,T,INTERSTITIAL LUNG DISEASE W/O CC/MCC,0.7585,Respiratory,Pulmonology,A,0,955,4
199,F,F,T,PNEUMOTHORAX W MCC,1.7828,Respiratory,Pulmonology,A,2,5789,4
200,F,F,T,PNEUMOTHORAX W CC,1.0748,Respiratory,Pulmonology,A,1,9166,4
201,F,F,T,PNEUMOTHORAX W/O CC/MCC,0.6989,Respiratory,Pulmonology,A,0,1966,4
202,F,F,T,BRONCHITIS & ASTHMA W CC/MCC,0.9401,Respiratory,Pulmonology,A,2,35600,4
203,F,F,T,BRONCHITIS & ASTHMA W/O CC/MCC,0.697,Respiratory,Pulmonology,A,0,12038,4
204,F,F,T,RESPIRATORY SIGNS & SYMPTOMS,0.7676,Respiratory,Pulmonology,A,9,9105,4
205,T,F,T,OTHER RESPIRATORY SYSTEM DIAGNOSES W MCC,1.5179,Respiratory,Pulmonology,A,2,8145,4
206,T,F,T,OTHER RESPIRATORY SYSTEM DIAGNOSES W/O MCC,0.8635,Respiratory,Pulmonology,A,0,10609,4
207,T,F,T,RESPIRATORY SYSTEM DIAGNOSIS W VENTILATOR SUPPORT >96 HOURS OR PERIPHERAL EXTRACORPOREAL MEMBRANE OXYGENATION (ECMO),5.5965,Respiratory,Pulmonology,A,9,21234,4
208,F,F,T,RESPIRATORY SYSTEM DIAGNOSIS W VENTILATOR SUPPORT <=96 HOURS,2.4374,Respiratory,Pulmonology,A,9,59575,4
215,F,F,F,OTHER HEART ASSIST SYSTEM IMPLANT,12.8861,Cardiovascular,Cardiac Surgery,A,9,3654,5
216,T,T,F,CARDIAC VALVE & OTH MAJ CARDIOTHORACIC PROC W CARD CATH W MCC,9.8209,Cardiovascular,Cardiac Surgery,A,2,7489,5
217,T,T,F,CARDIAC VALVE & OTH MAJ CARDIOTHORACIC PROC W CARD CATH W CC,6.3628,Cardiovascular,Cardiac Surgery,A,1,2972,5
218,T,T,F,CARDIAC VALVE & OTH MAJ CARDIOTHORACIC PROC W CARD CATH W/O CC/MCC,5.9053,Cardiovascular,Cardiac Surgery,A,0,371,5
219,T,T,F,CARDIAC VALVE & OTH MAJ CARDIOTHORACIC PROC W/O CARD CATH W MCC,7.6916,Cardiovascular,Cardiac Surgery,A,2,16426,5
220,T,T,F,CARDIAC VALVE & OTH MAJ CARDIOTHORACIC PROC W/O CARD CATH W CC,5.2053,Cardiovascular,Cardiac Surgery,A,1,17737,5
221,T,T,F,CARDIAC VALVE & OTH MAJ CARDIOTHORACIC PROC W/O CARD CATH W/O CC/MCC,4.6074,Cardiovascular,Cardiac Surgery,A,0,3124,5
222,F,F,F,CARDIAC DEFIB IMPLANT W CARDIAC CATH W AMI/HF/SHOCK W MCC,8.1372,Cardiovascular,Cath/EP,A,2,1644,5
223,F,F,F,CARDIAC DEFIB IMPLANT W CARDIAC CATH W AMI/HF/SHOCK W/O MCC,6.3562,Cardiovascular,Cath/EP,A,0,622,5
224,F,F,F,CARDIAC DEFIB IMPLANT W CARDIAC CATH W/O AMI/HF/SHOCK W MCC,7.4247,Cardiovascular,Cath/EP,A,2,2083,5
225,F,F,F,CARDIAC DEFIB IMPLANT W CARDIAC CATH W/O AMI/HF/SHOCK W/O MCC,5.7194,Cardiovascular,Cath/EP,A,0,1795,5
226,F,F,F,CARDIAC DEFIBRILLATOR IMPLANT W/O CARDIAC CATH W MCC,6.8182,Cardiovascular,Cath/EP,A,2,4847,5
227,F,F,F,CARDIAC DEFIBRILLATOR IMPLANT W/O CARDIAC CATH W/O MCC,5.3167,Cardiovascular,Cath/EP,A,0,5714,5
228,F,F,F,OTHER CARDIOTHORACIC PROCEDURES W MCC,6.5762,Cardiovascular,Cardiac Surgery,A,2,4834,5
229,F,F,F,OTHER CARDIOTHORACIC PROCEDURES W/O MCC,4.6484,Cardiovascular,Cardiac Surgery,A,0,5798,5
231,F,F,F,CORONARY BYPASS W PTCA W MCC,8.3989,Cardiovascular,Cardiac Surgery,A,2,1111,5
232,F,F,F,CORONARY BYPASS W PTCA W/O MCC,6.1604,Cardiovascular,Cardiac Surgery,A,0,745,5
233,T,F,F,CORONARY BYPASS W CARDIAC CATH W MCC,7.6377,Cardiovascular,Cardiac Surgery,A,2,12747,5
234,T,F,F,CORONARY BYPASS W CARDIAC CATH W/O MCC,5.1472,Cardiovascular,Cardiac Surgery,A,0,16048,5
235,T,F,F,CORONARY BYPASS W/O CARDIAC CATH W MCC,5.8099,Cardiovascular,Cardiac Surgery,A,2,10750,5
236,T,F,F,CORONARY BYPASS W/O CARDIAC CATH W/O MCC,3.9263,Cardiovascular,Cardiac Surgery,A,0,19898,5
239,T,F,F,AMPUTATION FOR CIRC SYS DISORDERS EXC UPPER LIMB & TOE W MCC,4.7093,Cardiovascular,Vascular - Surgical,A,2,9262,5
240,T,F,F,AMPUTATION FOR CIRC SYS DISORDERS EXC UPPER LIMB & TOE W CC,2.7449,Cardiovascular,Vascular - Surgical,A,1,7789,5
241,T,F,F,AMPUTATION FOR CIRC SYS DISORDERS EXC UPPER LIMB & TOE W/O CC/MCC,1.596,Cardiovascular,Vascular - Surgical,A,0,1322,5
242,T,F,F,PERMANENT CARDIAC PACEMAKER IMPLANT W MCC,3.7369,Cardiovascular,Cath/EP,A,2,19009,5
243,T,F,F,PERMANENT CARDIAC PACEMAKER IMPLANT W CC,2.5543,Cardiovascular,Cath/EP,A,1,26536,5
244,T,F,F,PERMANENT CARDIAC PACEMAKER IMPLANT W/O CC/MCC,2.1108,Cardiovascular,Cath/EP,A,0,17023,5
245,F,F,F,AICD GENERATOR PROCEDURES,5.0121,Cardiovascular,Cath/EP,A,9,2514,5
246,F,F,F,PERCUTANEOUS CARDIOVASCULAR PROCEDURES W DRUG-ELUTING STENT W MCC OR 4+ ARTERIES OR STENTS,3.2388,Cardiovascular,Cath/EP,A,2,46250,5
247,F,F,F,PERC CARDIOVASC PROC W DRUG-ELUTING STENT W/O MCC,2.0771,Cardiovascular,Cath/EP,A,0,88316,5
248,F,F,F,PERCUTANEOUS CARDIOVASCULAR PROCEDURES W NON-DRUG-ELUTING STENT W MCC OR 4+ ARTERIES OR STENTS,3.1726,Cardiovascular,Cath/EP,A,2,5345,5
249,F,F,F,PERC CARDIOVASC PROC W NON-DRUG-ELUTING STENT W/O MCC,1.9901,Cardiovascular,Cath/EP,A,0,7634,5
250,F,F,F,PERC CARDIOVASC PROC W/O CORONARY ARTERY STENT W MCC,2.5868,Cardiovascular,Cath/EP,A,2,4026,5
251,F,F,F,PERC CARDIOVASC PROC W/O CORONARY ARTERY STENT W/O MCC,1.6778,Cardiovascular,Cath/EP,A,0,6053,5
252,F,F,F,OTHER VASCULAR PROCEDURES W MCC,3.2598,Cardiovascular,Vascular - Surgical,A,2,35436,5
253,F,F,F,OTHER VASCULAR PROCEDURES W CC,2.5943,Cardiovascular,Vascular - Surgical,A,1,27293,5
254,F,F,F,OTHER VASCULAR PROCEDURES W/O CC/MCC,1.81,Cardiovascular,Vascular - Surgical,A,0,13382,5
255,T,F,F,UPPER LIMB & TOE AMPUTATION FOR CIRC SYSTEM DISORDERS W MCC,2.5403,Cardiovascular,Vascular - Surgical,A,2,2262,5
256,T,F,F,UPPER LIMB & TOE AMPUTATION FOR CIRC SYSTEM DISORDERS W CC,1.7487,Cardiovascular,Vascular - Surgical,A,1,2207,5
257,T,F,F,UPPER LIMB & TOE AMPUTATION FOR CIRC SYSTEM DISORDERS W/O CC/MCC,1.1261,Cardiovascular,Vascular - Surgical,A,0,340,5
258,F,F,F,CARDIAC PACEMAKER DEVICE REPLACEMENT W MCC,2.9888,Cardiovascular,Cath/EP,A,2,716,5
259,F,F,F,CARDIAC PACEMAKER DEVICE REPLACEMENT W/O MCC,2.097,Cardiovascular,Cath/EP,A,0,1410,5
260,F,F,F,CARDIAC PACEMAKER REVISION EXCEPT DEVICE REPLACEMENT W MCC,3.6195,Cardiovascular,Cath/EP,A,2,2495,5
261,F,F,F,CARDIAC PACEMAKER REVISION EXCEPT DEVICE REPLACEMENT W CC,1.9918,Cardiovascular,Cath/EP,A,1,3446,5
262,F,F,F,CARDIAC PACEMAKER REVISION EXCEPT DEVICE REPLACEMENT W/O CC/MCC,1.6309,Cardiovascular,Cath/EP,A,0,1482,5
263,F,F,F,VEIN LIGATION & STRIPPING,2.3922,Cardiovascular,Vascular - Surgical,A,9,319,5
264,T,F,F,OTHER CIRCULATORY SYSTEM O.R. PROCEDURES,3.1586,Cardiovascular,Vascular - Surgical,A,9,10947,5
265,F,F,F,AICD LEAD PROCEDURES,3.1167,Cardiovascular,Cath/EP,A,9,742,5
266,T,T,F,ENDOVASCULAR CARDIAC VALVE REPLACEMENT W MCC,7.1915,Cardiovascular,Cath/EP,A,2,14625,5
267,T,T,F,ENDOVASCULAR CARDIAC VALVE REPLACEMENT W/O MCC,5.8481,Cardiovascular,Cath/EP,A,0,19813,5
268,F,F,F,AORTIC AND HEART ASSIST PROCEDURES EXCEPT PULSATION BALLOON W MCC,6.7037,Cardiovascular,Cardiac Surgery,A,2,4014,5
269,F,F,F,AORTIC AND HEART ASSIST PROCEDURES EXCEPT PULSATION BALLOON W/O MCC,4.1509,Cardiovascular,Cardiac Surgery,A,0,18014,5
270,F,F,F,OTHER MAJOR CARDIOVASCULAR PROCEDURES W MCC,5.0617,Cardiovascular,Cardiac Surgery,A,2,18619,5
271,F,F,F,OTHER MAJOR CARDIOVASCULAR PROCEDURES W CC,3.4938,Cardiovascular,Cardiac Surgery,A,1,14777,5
272,F,F,F,OTHER MAJOR CARDIOVASCULAR PROCEDURES W/O CC/MCC,2.6181,Cardiovascular,Cardiac Surgery,A,0,5902,5
273,T,T,F,PERCUTANEOUS INTRACARDIAC PROCEDURES W MCC,3.6525,Cardiovascular,Cath/EP,A,2,7396,5
274,T,T,F,PERCUTANEOUS INTRACARDIAC PROCEDURES W/O MCC,2.9783,Cardiovascular,Cath/EP,A,0,18287,5
280,T,F,T,"ACUTE MYOCARDIAL INFARCTION, DISCHARGED ALIVE W MCC",1.6571,Cardiovascular,Cardiology - Medical,A,2,81284,5
281,T,F,T,"ACUTE MYOCARDIAL INFARCTION, DISCHARGED ALIVE W CC",0.9796,Cardiovascular,Cardiology - Medical,A,1,48107,5
282,T,F,T,"ACUTE MYOCARDIAL INFARCTION, DISCHARGED ALIVE W/O CC/MCC",0.749,Cardiovascular,Cardiology - Medical,A,0,23350,5
283,F,F,T,"ACUTE MYOCARDIAL INFARCTION, EXPIRED W MCC",1.8047,Cardiovascular,Cardiology - Medical,A,2,10502,5
284,F,F,T,"ACUTE MYOCARDIAL INFARCTION, EXPIRED W CC",0.7666,Cardiovascular,Cardiology - Medical,A,1,1544,5
285,F,F,T,"ACUTE MYOCARDIAL INFARCTION, EXPIRED W/O CC/MCC",0.5964,Cardiovascular,Cardiology - Medical,A,0,453,5
286,F,F,T,"CIRCULATORY DISORDERS EXCEPT AMI, W CARD CATH W MCC",2.1808,Cardiovascular,Cath/EP,A,2,41301,5
287,F,F,T,"CIRCULATORY DISORDERS EXCEPT AMI, W CARD CATH W/O MCC",1.1389,Cardiovascular,Cath/EP,A,0,64499,5
288,T,F,T,ACUTE & SUBACUTE ENDOCARDITIS W MCC,2.6941,Cardiovascular,Cardiology - Medical,A,2,1393,5
289,T,F,T,ACUTE & SUBACUTE ENDOCARDITIS W CC,1.7099,Cardiovascular,Cardiology - Medical,A,1,742,5
290,T,F,T,ACUTE & SUBACUTE ENDOCARDITIS W/O CC/MCC,1.0114,Cardiovascular,Cardiology - Medical,A,0,112,5
291,T,F,T,HEART FAILURE & SHOCK W MCC OR PERIPHERAL EXTRACORPOREAL MEMBRANE OXYGENATION (ECMO),1.3454,Cardiovascular,Cardiology - Medical,A,2,369287,5
292,T,F,T,HEART FAILURE & SHOCK W CC,0.9198,Cardiovascular,Cardiology - Medical,A,1,104082,5
293,T,F,T,HEART FAILURE & SHOCK W/O CC/MCC,0.6656,Cardiovascular,Cardiology - Medical,A,0,36153,5
294,F,F,T,DEEP VEIN THROMBOPHLEBITIS W CC/MCC,1.1608,Cardiovascular,Vascular - Medical,A,2,321,5
295,F,F,T,DEEP VEIN THROMBOPHLEBITIS W/O CC/MCC,0.5513,Cardiovascular,Vascular - Medical,A,0,31,5
296,F,F,T,"CARDIAC ARREST, UNEXPLAINED W MCC OR PERIPHERAL EXTRACORPOREAL MEMBRANE OXYGENATION (ECMO)",1.5355,Cardiovascular,Cardiology - Medical,A,2,3859,5
297,F,F,T,"CARDIAC ARREST, UNEXPLAINED W CC",0.6524,Cardiovascular,Cardiology - Medical,A,1,528,5
298,F,F,T,"CARDIAC ARREST, UNEXPLAINED W/O CC/MCC",0.4825,Cardiovascular,Cardiology - Medical,A,0,247,5
299,T,F,T,PERIPHERAL VASCULAR DISORDERS W MCC,1.4504,Cardiovascular,Vascular - Medical,A,2,18703,5
300,T,F,T,PERIPHERAL VASCULAR DISORDERS W CC,1.0237,Cardiovascular,Vascular - Medical,A,1,31349,5
301,T,F,T,PERIPHERAL VASCULAR DISORDERS W/O CC/MCC,0.7262,Cardiovascular,Vascular - Medical,A,0,10373,5
302,F,F,T,ATHEROSCLEROSIS W MCC,1.0695,Cardiovascular,Cardiology - Medical,A,2,4433,5
303,F,F,T,ATHEROSCLEROSIS W/O MCC,0.6655,Cardiovascular,Cardiology - Medical,A,0,15527,5
304,F,F,T,HYPERTENSION W MCC,1.0811,Cardiovascular,Cardiology - Medical,A,2,14507,5
305,F,F,T,HYPERTENSION W/O MCC,0.7199,Cardiovascular,Cardiology - Medical,A,0,30211,5
306,F,F,T,CARDIAC CONGENITAL & VALVULAR DISORDERS W MCC,1.4088,Cardiovascular,Cardiology - Medical,A,2,3617,5
307,F,F,T,CARDIAC CONGENITAL & VALVULAR DISORDERS W/O MCC,0.856,Cardiovascular,Cardiology - Medical,A,0,3567,5
308,F,F,T,CARDIAC ARRHYTHMIA & CONDUCTION DISORDERS W MCC,1.2036,Cardiovascular,Cardiology - Medical,A,2,71390,5
309,F,F,T,CARDIAC ARRHYTHMIA & CONDUCTION DISORDERS W CC,0.7635,Cardiovascular,Cardiology - Medical,A,1,92576,5
310,F,F,T,CARDIAC ARRHYTHMIA & CONDUCTION DISORDERS W/O CC/MCC,0.5623,Cardiovascular,Cardiology - Medical,A,0,64573,5
311,F,F,T,ANGINA PECTORIS,0.6872,Cardiovascular,Cardiology - Medical,A,9,6314,5
312,F,F,T,SYNCOPE & COLLAPSE,0.8015,Cardiovascular,Cardiology - Medical,A,9,73048,5
313,F,F,T,CHEST PAIN,0.7073,Cardiovascular,Cardiology - Medical,A,9,49422,5
314,T,F,T,OTHER CIRCULATORY SYSTEM DIAGNOSES W MCC,2.0231,Cardiovascular,Cardiology - Medical,A,2,44045,5
315,T,F,T,OTHER CIRCULATORY SYSTEM DIAGNOSES W CC,0.9559,Cardiovascular,Cardiology - Medical,A,1,20949,5
316,T,F,T,OTHER CIRCULATORY SYSTEM DIAGNOSES W/O CC/MCC,0.7513,Cardiovascular,Cardiology - Medical,A,0,4271,5
326,T,F,F,"STOMACH, ESOPHAGEAL & DUODENAL PROC W MCC",5.2559,Digestive Disease,Digestive Disease - Surgical,A,2,11369,6
327,T,F,F,"STOMACH, ESOPHAGEAL & DUODENAL PROC W CC",2.4843,Digestive Disease,Digestive Disease - Surgical,A,1,11708,6
328,T,F,F,"STOMACH, ESOPHAGEAL & DUODENAL PROC W/O CC/MCC",1.5421,Digestive Disease,Digestive Disease - Surgical,A,0,10146,6
329,T,F,F,MAJOR SMALL & LARGE BOWEL PROCEDURES W MCC,4.9927,Digestive Disease,Digestive Disease - Surgical,A,2,35497,6
330,T,F,F,MAJOR SMALL & LARGE BOWEL PROCEDURES W CC,2.5233,Digestive Disease,Digestive Disease - Surgical,A,1,53883,6
331,T,F,F,MAJOR SMALL & LARGE BOWEL PROCEDURES W/O CC/MCC,1.6947,Digestive Disease,Digestive Disease - Surgical,A,0,30153,6
332,T,F,F,RECTAL RESECTION W MCC,3.3982,Digestive Disease,Digestive Disease - Surgical,A,2,195,6
333,T,F,F,RECTAL RESECTION W CC,1.9278,Digestive Disease,Digestive Disease - Surgical,A,1,695,6
334,T,F,F,RECTAL RESECTION W/O CC/MCC,1.3062,Digestive Disease,Digestive Disease - Surgical,A,0,804,6
335,T,F,F,PERITONEAL ADHESIOLYSIS W MCC,4.062,Digestive Disease,Digestive Disease - Surgical,A,2,5658,6
336,T,F,F,PERITONEAL ADHESIOLYSIS W CC,2.2982,Digestive Disease,Digestive Disease - Surgical,A,1,9838,6
337,T,F,F,PERITONEAL ADHESIOLYSIS W/O CC/MCC,1.6033,Digestive Disease,Digestive Disease - Surgical,A,0,5105,6
338,F,F,F,APPENDECTOMY W COMPLICATED PRINCIPAL DIAG W MCC,2.8648,Digestive Disease,Digestive Disease - Surgical,A,2,946,6
339,F,F,F,APPENDECTOMY W COMPLICATED PRINCIPAL DIAG W CC,1.7406,Digestive Disease,Digestive Disease - Surgical,A,1,2974,6
340,F,F,F,APPENDECTOMY W COMPLICATED PRINCIPAL DIAG W/O CC/MCC,1.1878,Digestive Disease,Digestive Disease - Surgical,A,0,2747,6
341,F,F,F,APPENDECTOMY W/O COMPLICATED PRINCIPAL DIAG W MCC,2.2845,Digestive Disease,Digestive Disease - Surgical,A,2,672,6
342,F,F,F,APPENDECTOMY W/O COMPLICATED PRINCIPAL DIAG W CC,1.4188,Digestive Disease,Digestive Disease - Surgical,A,1,1987,6
343,F,F,F,APPENDECTOMY W/O COMPLICATED PRINCIPAL DIAG W/O CC/MCC,1.0853,Digestive Disease,Digestive Disease - Surgical,A,0,2541,6
344,F,F,F,MINOR SMALL & LARGE BOWEL PROCEDURES W MCC,2.9872,Digestive Disease,Digestive Disease - Surgical,A,2,1086,6
345,F,F,F,MINOR SMALL & LARGE BOWEL PROCEDURES W CC,1.6376,Digestive Disease,Digestive Disease - Surgical,A,1,2114,6
346,F,F,F,MINOR SMALL & LARGE BOWEL PROCEDURES W/O CC/MCC,1.2366,Digestive Disease,Digestive Disease - Surgical,A,0,1035,6
347,F,F,F,ANAL & STOMAL PROCEDURES W MCC,2.4111,Digestive Disease,Digestive Disease - Surgical,A,2,815,6
348,F,F,F,ANAL & STOMAL PROCEDURES W CC,1.4,Digestive Disease,Digestive Disease - Surgical,A,1,1955,6
349,F,F,F,ANAL & STOMAL PROCEDURES W/O CC/MCC,0.9497,Digestive Disease,Digestive Disease - Surgical,A,0,1046,6
350,F,F,F,INGUINAL & FEMORAL HERNIA PROCEDURES W MCC,2.4465,Digestive Disease,Digestive Disease - Surgical,A,2,1435,6
351,F,F,F,INGUINAL & FEMORAL HERNIA PROCEDURES W CC,1.5001,Digestive Disease,Digestive Disease - Surgical,A,1,3376,6
352,F,F,F,INGUINAL & FEMORAL HERNIA PROCEDURES W/O CC/MCC,1.0535,Digestive Disease,Digestive Disease - Surgical,A,0,2947,6
353,F,F,F,HERNIA PROCEDURES EXCEPT INGUINAL & FEMORAL W MCC,2.9659,Digestive Disease,Digestive Disease - Surgical,A,2,3135,6
354,F,F,F,HERNIA PROCEDURES EXCEPT INGUINAL & FEMORAL W CC,1.731,Digestive Disease,Digestive Disease - Surgical,A,1,8372,6
355,F,F,F,HERNIA PROCEDURES EXCEPT INGUINAL & FEMORAL W/O CC/MCC,1.3548,Digestive Disease,Digestive Disease - Surgical,A,0,7160,6
356,T,F,F,OTHER DIGESTIVE SYSTEM O.R. PROCEDURES W MCC,3.9757,Digestive Disease,Digestive Disease - Surgical,A,2,7207,6
357,T,F,F,OTHER DIGESTIVE SYSTEM O.R. PROCEDURES W CC,2.1367,Digestive Disease,Digestive Disease - Surgical,A,1,6494,6
358,T,F,F,OTHER DIGESTIVE SYSTEM O.R. PROCEDURES W/O CC/MCC,1.3483,Digestive Disease,Digestive Disease - Surgical,A,0,1464,6
368,F,F,T,MAJOR ESOPHAGEAL DISORDERS W MCC,1.944,Digestive Disease,Digestive Disease - Medical,A,2,3134,6
369,F,F,T,MAJOR ESOPHAGEAL DISORDERS W CC,1.1088,Digestive Disease,Digestive Disease - Medical,A,1,4292,6
370,F,F,T,MAJOR ESOPHAGEAL DISORDERS W/O CC/MCC,0.7433,Digestive Disease,Digestive Disease - Medical,A,0,623,6
371,T,F,T,MAJOR GASTROINTESTINAL DISORDERS & PERITONEAL INFECTIONS W MCC,1.7388,Digestive Disease,Digestive Disease - Medical,A,2,18582,6
372,T,F,T,MAJOR GASTROINTESTINAL DISORDERS & PERITONEAL INFECTIONS W CC,1.0384,Digestive Disease,Digestive Disease - Medical,A,1,30236,6
373,T,F,T,MAJOR GASTROINTESTINAL DISORDERS & PERITONEAL INFECTIONS W/O CC/MCC,0.7576,Digestive Disease,Digestive Disease - Medical,A,0,7790,6
374,T,F,T,DIGESTIVE MALIGNANCY W MCC,2.065,Oncology,Cancer - Medical,A,2,10196,6
375,T,F,T,DIGESTIVE MALIGNANCY W CC,1.2067,Oncology,Cancer - Medical,A,1,13622,6
376,T,F,T,DIGESTIVE MALIGNANCY W/O CC/MCC,0.9157,Oncology,Cancer - Medical,A,0,1174,6
377,T,F,T,G.I. HEMORRHAGE W MCC,1.7888,Digestive Disease,Digestive Disease - Medical,A,2,63013,6
378,T,F,T,G.I. HEMORRHAGE W CC,0.9903,Digestive Disease,Digestive Disease - Medical,A,1,136042,6
379,T,F,T,G.I. HEMORRHAGE W/O CC/MCC,0.6532,Digestive Disease,Digestive Disease - Medical,A,0,19649,6
380,T,F,T,COMPLICATED PEPTIC ULCER W MCC,1.946,Digestive Disease,Digestive Disease - Medical,A,2,5091,6
381,T,F,T,COMPLICATED PEPTIC ULCER W CC,1.095,Digestive Disease,Digestive Disease - Medical,A,1,7576,6
382,T,F,T,COMPLICATED PEPTIC ULCER W/O CC/MCC,0.7678,Digestive Disease,Digestive Disease - Medical,A,0,1621,6
383,F,F,T,UNCOMPLICATED PEPTIC ULCER W MCC,1.351,Digestive Disease,Digestive Disease - Medical,A,2,1295,6
384,F,F,T,UNCOMPLICATED PEPTIC ULCER W/O MCC,0.8553,Digestive Disease,Digestive Disease - Medical,A,0,5122,6
385,F,F,T,INFLAMMATORY BOWEL DISEASE W MCC,1.6979,Digestive Disease,Digestive Disease - Medical,A,2,2479,6
386,F,F,T,INFLAMMATORY BOWEL DISEASE W CC,0.9801,Digestive Disease,Digestive Disease - Medical,A,1,8146,6
387,F,F,T,INFLAMMATORY BOWEL DISEASE W/O CC/MCC,0.6967,Digestive Disease,Digestive Disease - Medical,A,0,4089,6
388,T,F,T,G.I. OBSTRUCTION W MCC,1.5307,Digestive Disease,Digestive Disease - Medical,A,2,18508,6
389,T,F,T,G.I. OBSTRUCTION W CC,0.8432,Digestive Disease,Digestive Disease - Medical,A,1,50564,6
390,T,F,T,G.I. OBSTRUCTION W/O CC/MCC,0.591,Digestive Disease,Digestive Disease - Medical,A,0,32257,6
391,F,F,T,"ESOPHAGITIS, GASTROENT & MISC DIGEST DISORDERS W MCC",1.2215,Digestive Disease,Digestive Disease - Medical,A,2,41352,6
392,F,F,T,"ESOPHAGITIS, GASTROENT & MISC DIGEST DISORDERS W/O MCC",0.7554,Digestive Disease,Digestive Disease - Medical,A,0,159979,6
393,F,F,T,OTHER DIGESTIVE SYSTEM DIAGNOSES W MCC,1.6326,Digestive Disease,Digestive Disease - Medical,A,2,24313,6
394,F,F,T,OTHER DIGESTIVE SYSTEM DIAGNOSES W CC,0.9411,Digestive Disease,Digestive Disease - Medical,A,1,42529,6
395,F,F,T,OTHER DIGESTIVE SYSTEM DIAGNOSES W/O CC/MCC,0.6765,Digestive Disease,Digestive Disease - Medical,A,0,12058,6
405,T,F,F,"PANCREAS, LIVER & SHUNT PROCEDURES W MCC",5.3791,Digestive Disease,Digestive Disease - Surgical,A,2,4095,7
406,T,F,F,"PANCREAS, LIVER & SHUNT PROCEDURES W CC",2.8326,Digestive Disease,Digestive Disease - Surgical,A,1,5074,7
407,T,F,F,"PANCREAS, LIVER & SHUNT PROCEDURES W/O CC/MCC",2.0068,Digestive Disease,Digestive Disease - Surgical,A,0,1789,7
408,F,F,F,BILIARY TRACT PROC EXCEPT ONLY CHOLECYST W OR W/O C.D.E. W MCC,4.0465,Digestive Disease,Digestive Disease - Surgical,A,2,889,7
409,F,F,F,BILIARY TRACT PROC EXCEPT ONLY CHOLECYST W OR W/O C.D.E. W CC,2.3227,Digestive Disease,Digestive Disease - Surgical,A,1,722,7
410,F,F,F,BILIARY TRACT PROC EXCEPT ONLY CHOLECYST W OR W/O C.D.E. W/O CC/MCC,1.6526,Digestive Disease,Digestive Disease - Surgical,A,0,289,7
411,F,F,F,CHOLECYSTECTOMY W C.D.E. W MCC,3.9981,Digestive Disease,Digestive Disease - Surgical,A,2,257,7
412,F,F,F,CHOLECYSTECTOMY W C.D.E. W CC,2.3819,Digestive Disease,Digestive Disease - Surgical,A,1,283,7
413,F,F,F,CHOLECYSTECTOMY W C.D.E. W/O CC/MCC,1.6862,Digestive Disease,Digestive Disease - Surgical,A,0,187,7
414,T,F,F,CHOLECYSTECTOMY EXCEPT BY LAPAROSCOPE W/O C.D.E. W MCC,3.5772,Digestive Disease,Digestive Disease - Surgical,A,2,2332,7
415,T,F,F,CHOLECYSTECTOMY EXCEPT BY LAPAROSCOPE W/O C.D.E. W CC,2.0188,Digestive Disease,Digestive Disease - Surgical,A,1,3053,7
416,T,F,F,CHOLECYSTECTOMY EXCEPT BY LAPAROSCOPE W/O C.D.E. W/O CC/MCC,1.3931,Digestive Disease,Digestive Disease - Surgical,A,0,1736,7
417,F,F,F,LAPAROSCOPIC CHOLECYSTECTOMY W/O C.D.E. W MCC,2.4234,Digestive Disease,Digestive Disease - Surgical,A,2,14504,7
418,F,F,F,LAPAROSCOPIC CHOLECYSTECTOMY W/O C.D.E. W CC,1.6642,Digestive Disease,Digestive Disease - Surgical,A,1,22853,7
419,F,F,F,LAPAROSCOPIC CHOLECYSTECTOMY W/O C.D.E. W/O CC/MCC,1.3042,Digestive Disease,Digestive Disease - Surgical,A,0,16550,7
420,F,F,F,HEPATOBILIARY DIAGNOSTIC PROCEDURES W MCC,3.5176,Digestive Disease,Digestive Disease - Surgical,A,2,744,7
421,F,F,F,HEPATOBILIARY DIAGNOSTIC PROCEDURES W CC,1.7791,Digestive Disease,Digestive Disease - Surgical,A,1,804,7
422,F,F,F,HEPATOBILIARY DIAGNOSTIC PROCEDURES W/O CC/MCC,1.5076,Digestive Disease,Digestive Disease - Surgical,A,0,231,7
423,F,F,F,OTHER HEPATOBILIARY OR PANCREAS O.R. PROCEDURES W MCC,3.946,Digestive Disease,Digestive Disease - Surgical,A,2,1062,7
424,F,F,F,OTHER HEPATOBILIARY OR PANCREAS O.R. PROCEDURES W CC,2.1911,Digestive Disease,Digestive Disease - Surgical,A,1,462,7
425,F,F,F,OTHER HEPATOBILIARY OR PANCREAS O.R. PROCEDURES W/O CC/MCC,1.4929,Digestive Disease,Digestive Disease - Surgical,A,0,83,7
432,F,F,T,CIRRHOSIS & ALCOHOLIC HEPATITIS W MCC,1.826,Digestive Disease,Digestive Disease - Medical,A,2,14204,7
433,F,F,T,CIRRHOSIS & ALCOHOLIC HEPATITIS W CC,1.0279,Digestive Disease,Digestive Disease - Medical,A,1,11994,7
434,F,F,T,CIRRHOSIS & ALCOHOLIC HEPATITIS W/O CC/MCC,0.6511,Digestive Disease,Digestive Disease - Medical,A,0,854,7
435,F,F,T,MALIGNANCY OF HEPATOBILIARY SYSTEM OR PANCREAS W MCC,1.6977,Oncology,Cancer - Medical,A,2,13259,7
436,F,F,T,MALIGNANCY OF HEPATOBILIARY SYSTEM OR PANCREAS W CC,1.1359,Oncology,Cancer - Medical,A,1,8115,7
437,F,F,T,MALIGNANCY OF HEPATOBILIARY SYSTEM OR PANCREAS W/O CC/MCC,0.8658,Oncology,Cancer - Medical,A,0,889,7
438,F,F,T,DISORDERS OF PANCREAS EXCEPT MALIGNANCY W MCC,1.6382,Digestive Disease,Digestive Disease - Medical,A,2,14646,7
439,F,F,T,DISORDERS OF PANCREAS EXCEPT MALIGNANCY W CC,0.8623,Digestive Disease,Digestive Disease - Medical,A,1,27571,7
440,F,F,T,DISORDERS OF PANCREAS EXCEPT MALIGNANCY W/O CC/MCC,0.6213,Digestive Disease,Digestive Disease - Medical,A,0,15314,7
441,T,F,T,"DISORDERS OF LIVER EXCEPT MALIG,CIRR,ALC HEPA W MCC",1.8572,Digestive Disease,Digestive Disease - Medical,A,2,18698,7
442,T,F,T,"DISORDERS OF LIVER EXCEPT MALIG,CIRR,ALC HEPA W CC",0.9389,Digestive Disease,Digestive Disease - Medical,A,1,18760,7
443,T,F,T,"DISORDERS OF LIVER EXCEPT MALIG,CIRR,ALC HEPA W/O CC/MCC",0.6958,Digestive Disease,Digestive Disease - Medical,A,0,2964,7
444,F,F,T,DISORDERS OF THE BILIARY TRACT W MCC,1.6109,Digestive Disease,Digestive Disease - Medical,A,2,12938,7
445,F,F,T,DISORDERS OF THE BILIARY TRACT W CC,1.0676,Digestive Disease,Digestive Disease - Medical,A,1,18259,7
446,F,F,T,DISORDERS OF THE BILIARY TRACT W/O CC/MCC,0.795,Digestive Disease,Digestive Disease - Medical,A,0,8537,7
453,F,F,F,COMBINED ANTERIOR/POSTERIOR SPINAL FUSION W MCC,9.4969,Spine,Spine - Surgical,A,2,2940,8
454,F,F,F,COMBINED ANTERIOR/POSTERIOR SPINAL FUSION W CC,6.3368,Spine,Spine - Surgical,A,1,13416,8
455,F,F,F,COMBINED ANTERIOR/POSTERIOR SPINAL FUSION W/O CC/MCC,5,Spine,Spine - Surgical,A,0,13716,8
456,F,F,F,SPINAL FUS EXC CERV W SPINAL CURV/MALIG/INFEC OR EXT FUS W MCC,9.1252,Spine,Spine - Surgical,A,2,1463,8
457,F,F,F,SPINAL FUS EXC CERV W SPINAL CURV/MALIG/INFEC OR EXT FUS W CC,6.5446,Spine,Spine - Surgical,A,1,3941,8
458,F,F,F,SPINAL FUS EXC CERV W SPINAL CURV/MALIG/INFEC OR EXT FUS W/O CC/MCC,5.1212,Spine,Spine - Surgical,A,0,1477,8
459,T,F,F,SPINAL FUSION EXCEPT CERVICAL W MCC,6.3848,Spine,Spine - Surgical,A,2,4871,8
460,T,F,F,SPINAL FUSION EXCEPT CERVICAL W/O MCC,4.0375,Spine,Spine - Surgical,A,0,63762,8
461,F,F,F,BILATERAL OR MULTIPLE MAJOR JOINT PROCS OF LOWER EXTREMITY W MCC,4.4825,Musculoskeletal,Joint Replacement,A,2,349,8
462,F,F,F,BILATERAL OR MULTIPLE MAJOR JOINT PROCS OF LOWER EXTREMITY W/O MCC,3.1941,Musculoskeletal,Joint Replacement,A,0,8170,8
463,T,F,F,"WND DEBRID & SKN GRFT EXC HAND, FOR MUSCULO-CONN TISS DIS W MCC",5.1319,Skin and Breast,Plastic Surgery,A,2,5771,8
464,T,F,F,"WND DEBRID & SKN GRFT EXC HAND, FOR MUSCULO-CONN TISS DIS W CC",2.944,Skin and Breast,Plastic Surgery,A,1,10547,8
465,T,F,F,"WND DEBRID & SKN GRFT EXC HAND, FOR MUSCULO-CONN TISS DIS W/O CC/MCC",1.8374,Skin and Breast,Plastic Surgery,A,0,3967,8
466,T,F,F,REVISION OF HIP OR KNEE REPLACEMENT W MCC,5.1132,Musculoskeletal,Joint Replacement,A,2,4020,8
467,T,F,F,REVISION OF HIP OR KNEE REPLACEMENT W CC,3.4704,Musculoskeletal,Joint Replacement,A,1,21533,8
468,T,F,F,REVISION OF HIP OR KNEE REPLACEMENT W/O CC/MCC,2.7914,Musculoskeletal,Joint Replacement,A,0,18354,8
469,T,F,F,MAJOR HIP AND KNEE JOINT REPLACEMENT OR REATTACHMENT OF LOWER EXTREMITY W MCC OR TOTAL ANKLE REPLACEMENT,3.1742,Musculoskeletal,Joint Replacement,A,2,28504,8
470,T,F,F,MAJOR HIP AND KNEE JOINT REPLACEMENT OR REATTACHMENT OF LOWER EXTREMITY W/O MCC,1.9898,Musculoskeletal,Joint Replacement,A,0,498166,8
471,F,F,F,CERVICAL SPINAL FUSION W MCC,5.0107,Spine,Spine - Surgical,A,2,3659,8
472,F,F,F,CERVICAL SPINAL FUSION W CC,2.9468,Spine,Spine - Surgical,A,1,16574,8
473,F,F,F,CERVICAL SPINAL FUSION W/O CC/MCC,2.3729,Spine,Spine - Surgical,A,0,19260,8
474,T,F,F,AMPUTATION FOR MUSCULOSKELETAL SYS & CONN TISSUE DIS W MCC,3.7951,Musculoskeletal,Orthopedics - Surgical,A,2,3267,8
475,T,F,F,AMPUTATION FOR MUSCULOSKELETAL SYS & CONN TISSUE DIS W CC,2.1488,Musculoskeletal,Orthopedics - Surgical,A,1,3713,8
476,T,F,F,AMPUTATION FOR MUSCULOSKELETAL SYS & CONN TISSUE DIS W/O CC/MCC,1.1507,Musculoskeletal,Orthopedics - Surgical,A,0,847,8
477,T,T,F,BIOPSIES OF MUSCULOSKELETAL SYSTEM & CONNECTIVE TISSUE W MCC,3.1384,Musculoskeletal,Orthopedics - Surgical,A,2,3352,8
478,T,T,F,BIOPSIES OF MUSCULOSKELETAL SYSTEM & CONNECTIVE TISSUE W CC,2.2792,Musculoskeletal,Orthopedics - Surgical,A,1,7064,8
479,T,T,F,BIOPSIES OF MUSCULOSKELETAL SYSTEM & CONNECTIVE TISSUE W/O CC/MCC,1.798,Musculoskeletal,Orthopedics - Surgical,A,0,1992,8
480,T,T,F,HIP & FEMUR PROCEDURES EXCEPT MAJOR JOINT W MCC,3.0304,Musculoskeletal,Orthopedics - Surgical,A,2,28024,8
481,T,T,F,HIP & FEMUR PROCEDURES EXCEPT MAJOR JOINT W CC,2.0623,Musculoskeletal,Orthopedics - Surgical,A,1,81526,8
482,T,T,F,HIP & FEMUR PROCEDURES EXCEPT MAJOR JOINT W/O CC/MCC,1.6645,Musculoskeletal,Orthopedics - Surgical,A,0,23508,8
483,F,F,F,MAJOR JOINT/LIMB REATTACHMENT PROCEDURE OF UPPER EXTREMITIES,2.3835,Musculoskeletal,Joint Replacement,A,9,58452,8
485,F,F,F,KNEE PROCEDURES W PDX OF INFECTION W MCC,3.3041,Musculoskeletal,Orthopedics - Surgical,A,2,953,8
486,F,F,F,KNEE PROCEDURES W PDX OF INFECTION W CC,2.2184,Musculoskeletal,Orthopedics - Surgical,A,1,2129,8
487,F,F,F,KNEE PROCEDURES W PDX OF INFECTION W/O CC/MCC,1.6502,Musculoskeletal,Orthopedics - Surgical,A,0,706,8
488,T,F,F,KNEE PROCEDURES W/O PDX OF INFECTION W CC/MCC,2.1125,Musculoskeletal,Orthopedics - Surgical,A,2,2910,8
489,T,F,F,KNEE PROCEDURES W/O PDX OF INFECTION W/O CC/MCC,1.2974,Musculoskeletal,Orthopedics - Surgical,A,0,2612,8
492,T,T,F,"LOWER EXTREM & HUMER PROC EXCEPT HIP,FOOT,FEMUR W MCC",3.3905,Musculoskeletal,Orthopedics - Surgical,A,2,6147,8
493,T,T,F,"LOWER EXTREM & HUMER PROC EXCEPT HIP,FOOT,FEMUR W CC",2.2461,Musculoskeletal,Orthopedics - Surgical,A,1,19704,8
494,T,T,F,"LOWER EXTREM & HUMER PROC EXCEPT HIP,FOOT,FEMUR W/O CC/MCC",1.7539,Musculoskeletal,Orthopedics - Surgical,A,0,13378,8
495,T,T,F,LOCAL EXCISION & REMOVAL INT FIX DEVICES EXC HIP & FEMUR W MCC,3.4623,Musculoskeletal,Orthopedics - Surgical,A,2,473,8
496,T,T,F,LOCAL EXCISION & REMOVAL INT FIX DEVICES EXC HIP & FEMUR W CC,1.9609,Musculoskeletal,Orthopedics - Surgical,A,1,1839,8
497,T,T,F,LOCAL EXCISION & REMOVAL INT FIX DEVICES EXC HIP & FEMUR W/O CC/MCC,1.435,Musculoskeletal,Orthopedics - Surgical,A,0,1299,8
498,F,F,F,LOCAL EXCISION & REMOVAL INT FIX DEVICES OF HIP & FEMUR W CC/MCC,2.278,Musculoskeletal,Orthopedics - Surgical,A,2,1069,8
499,F,F,F,LOCAL EXCISION & REMOVAL INT FIX DEVICES OF HIP & FEMUR W/O CC/MCC,1.1192,Musculoskeletal,Orthopedics - Surgical,A,0,313,8
500,T,T,F,SOFT TISSUE PROCEDURES W MCC,3.068,Musculoskeletal,Orthopedics - Surgical,A,2,2689,8
501,T,T,F,SOFT TISSUE PROCEDURES W CC,1.6874,Musculoskeletal,Orthopedics - Surgical,A,1,5826,8
502,T,T,F,SOFT TISSUE PROCEDURES W/O CC/MCC,1.2911,Musculoskeletal,Orthopedics - Surgical,A,0,3424,8
503,F,F,F,FOOT PROCEDURES W MCC,2.5622,Musculoskeletal,Orthopedics - Surgical,A,2,1152,8
504,F,F,F,FOOT PROCEDURES W CC,1.7295,Musculoskeletal,Orthopedics - Surgical,A,1,3032,8
505,F,F,F,FOOT PROCEDURES W/O CC/MCC,1.5798,Musculoskeletal,Orthopedics - Surgical,A,0,1377,8
506,F,F,F,MAJOR THUMB OR JOINT PROCEDURES,1.4103,Musculoskeletal,Orthopedics - Surgical,A,9,500,8
507,F,F,F,MAJOR SHOULDER OR ELBOW JOINT PROCEDURES W CC/MCC,1.9425,Musculoskeletal,Orthopedics - Surgical,A,2,470,8
508,F,F,F,MAJOR SHOULDER OR ELBOW JOINT PROCEDURES W/O CC/MCC,1.4474,Musculoskeletal,Orthopedics - Surgical,A,0,194,8
509,F,F,F,ARTHROSCOPY,1.6703,Musculoskeletal,Orthopedics - Surgical,A,9,59,8
510,T,F,F,"SHOULDER,ELBOW OR FOREARM PROC,EXC MAJOR JOINT PROC W MCC",2.7324,Musculoskeletal,Orthopedics - Surgical,A,2,1126,8
511,T,F,F,"SHOULDER,ELBOW OR FOREARM PROC,EXC MAJOR JOINT PROC W CC",1.8473,Musculoskeletal,Orthopedics - Surgical,A,1,3510,8
512,T,F,F,"SHOULDER,ELBOW OR FOREARM PROC,EXC MAJOR JOINT PROC W/O CC/MCC",1.5221,Musculoskeletal,Orthopedics - Surgical,A,0,2560,8
513,F,F,F,"HAND OR WRIST PROC, EXCEPT MAJOR THUMB OR JOINT PROC W CC/MCC",1.6396,Musculoskeletal,Orthopedics - Surgical,A,2,1678,8
514,F,F,F,"HAND OR WRIST PROC, EXCEPT MAJOR THUMB OR JOINT PROC W/O CC/MCC",0.9998,Musculoskeletal,Orthopedics - Surgical,A,0,598,8
515,T,T,F,OTHER MUSCULOSKELET SYS & CONN TISS O.R. PROC W MCC,3.082,Musculoskeletal,Orthopedics - Surgical,A,2,4928,8
516,T,T,F,OTHER MUSCULOSKELET SYS & CONN TISS O.R. PROC W CC,1.8854,Musculoskeletal,Orthopedics - Surgical,A,1,13981,8
517,T,T,F,OTHER MUSCULOSKELET SYS & CONN TISS O.R. PROC W/O CC/MCC,1.3809,Musculoskeletal,Orthopedics - Surgical,A,0,12995,8
518,T,T,F,BACK & NECK PROC EXC SPINAL FUSION W MCC OR DISC DEVICE/NEUROSTIM,3.1002,Spine,Spine - Surgical,A,2,3088,8
519,T,T,F,BACK & NECK PROC EXC SPINAL FUSION W CC,1.862,Spine,Spine - Surgical,A,1,8467,8
520,T,T,F,BACK & NECK PROC EXC SPINAL FUSION W/O CC/MCC,1.3141,Spine,Spine - Surgical,A,0,8651,8
533,T,F,T,FRACTURES OF FEMUR W MCC,1.5305,Musculoskeletal,Orthopedics - Medical,A,2,875,8
534,T,F,T,FRACTURES OF FEMUR W/O MCC,0.7755,Musculoskeletal,Orthopedics - Medical,A,0,2695,8
535,T,F,T,FRACTURES OF HIP & PELVIS W MCC,1.2548,Musculoskeletal,Orthopedics - Medical,A,2,7826,8
536,T,F,T,FRACTURES OF HIP & PELVIS W/O MCC,0.757,Musculoskeletal,Orthopedics - Medical,A,0,25260,8
537,F,F,T,"SPRAINS, STRAINS, & DISLOCATIONS OF HIP, PELVIS & THIGH W CC/MCC",0.9105,Musculoskeletal,Orthopedics - Medical,A,2,834,8
538,F,F,T,"SPRAINS, STRAINS, & DISLOCATIONS OF HIP, PELVIS & THIGH W/O CC/MCC",0.727,Musculoskeletal,Orthopedics - Medical,A,0,375,8
539,T,F,T,OSTEOMYELITIS W MCC,2.0192,Musculoskeletal,Orthopedics - Medical,A,2,3142,8
540,T,F,T,OSTEOMYELITIS W CC,1.2969,Musculoskeletal,Orthopedics - Medical,A,1,3517,8
541,T,F,T,OSTEOMYELITIS W/O CC/MCC,0.8827,Musculoskeletal,Orthopedics - Medical,A,0,836,8
542,T,F,T,PATHOLOGICAL FRACTURES & MUSCULOSKELET & CONN TISS MALIG W MCC,1.8253,Oncology,Cancer - Medical,A,2,7071,8
543,T,F,T,PATHOLOGICAL FRACTURES & MUSCULOSKELET & CONN TISS MALIG W CC,1.0725,Oncology,Cancer - Medical,A,1,14851,8
544,T,F,T,PATHOLOGICAL FRACTURES & MUSCULOSKELET & CONN TISS MALIG W/O CC/MCC,0.7984,Oncology,Cancer - Medical,A,0,4458,8
545,T,F,T,CONNECTIVE TISSUE DISORDERS W MCC,2.4791,Musculoskeletal,Rheumatology,A,2,3666,8
546,T,F,T,CONNECTIVE TISSUE DISORDERS W CC,1.2144,Musculoskeletal,Rheumatology,A,1,4376,8
547,T,F,T,CONNECTIVE TISSUE DISORDERS W/O CC/MCC,0.8576,Musculoskeletal,Rheumatology,A,0,1448,8
548,F,F,T,SEPTIC ARTHRITIS W MCC,2.0672,Musculoskeletal,Orthopedics - Medical,A,2,597,8
549,F,F,T,SEPTIC ARTHRITIS W CC,1.2442,Musculoskeletal,Orthopedics - Medical,A,1,1255,8
550,F,F,T,SEPTIC ARTHRITIS W/O CC/MCC,0.9238,Musculoskeletal,Orthopedics - Medical,A,0,451,8
551,T,F,T,MEDICAL BACK PROBLEMS W MCC,1.5916,Musculoskeletal,Orthopedics - Medical,A,2,12538,8
552,T,F,T,MEDICAL BACK PROBLEMS W/O MCC,0.901,Musculoskeletal,Orthopedics - Medical,A,0,53813,8
553,F,F,T,BONE DISEASES & ARTHROPATHIES W MCC,1.2376,Musculoskeletal,Orthopedics - Medical,A,2,2350,8
554,F,F,T,BONE DISEASES & ARTHROPATHIES W/O MCC,0.7569,Musculoskeletal,Orthopedics - Medical,A,0,13037,8
555,F,F,T,SIGNS & SYMPTOMS OF MUSCULOSKELETAL SYSTEM & CONN TISSUE W MCC,1.2792,Musculoskeletal,Rheumatology,A,2,2425,8
556,F,F,T,SIGNS & SYMPTOMS OF MUSCULOSKELETAL SYSTEM & CONN TISSUE W/O MCC,0.7677,Musculoskeletal,Rheumatology,A,0,10304,8
557,T,F,T,"TENDONITIS, MYOSITIS & BURSITIS W MCC",1.4324,Musculoskeletal,Orthopedics - Medical,A,2,3473,8
558,T,F,T,"TENDONITIS, MYOSITIS & BURSITIS W/O MCC",0.8635,Musculoskeletal,Orthopedics - Medical,A,0,11192,8
559,T,F,T,"AFTERCARE, MUSCULOSKELETAL SYSTEM & CONNECTIVE TISSUE W MCC",1.7987,Musculoskeletal,Orthopedics - Medical,A,2,3034,8
560,T,F,T,"AFTERCARE, MUSCULOSKELETAL SYSTEM & CONNECTIVE TISSUE W CC",1.0217,Musculoskeletal,Orthopedics - Medical,A,1,5682,8
561,T,F,T,"AFTERCARE, MUSCULOSKELETAL SYSTEM & CONNECTIVE TISSUE W/O CC/MCC",0.7561,Musculoskeletal,Orthopedics - Medical,A,0,3205,8
562,T,F,T,"FX, SPRN, STRN & DISL EXCEPT FEMUR, HIP, PELVIS & THIGH W MCC",1.4081,Musculoskeletal,Orthopedics - Medical,A,2,6322,8
563,T,F,T,"FX, SPRN, STRN & DISL EXCEPT FEMUR, HIP, PELVIS & THIGH W/O MCC",0.8381,Musculoskeletal,Orthopedics - Medical,A,0,25292,8
564,F,F,T,OTHER MUSCULOSKELETAL SYS & CONNECTIVE TISSUE DIAGNOSES W MCC,1.5722,Musculoskeletal,Orthopedics - Medical,A,2,4523,8
565,F,F,T,OTHER MUSCULOSKELETAL SYS & CONNECTIVE TISSUE DIAGNOSES W CC,0.9758,Musculoskeletal,Orthopedics - Medical,A,1,8508,8
566,F,F,T,OTHER MUSCULOSKELETAL SYS & CONNECTIVE TISSUE DIAGNOSES W/O CC/MCC,0.7623,Musculoskeletal,Orthopedics - Medical,A,0,2208,8
570,T,F,F,SKIN DEBRIDEMENT W MCC,3.0347,Skin and Breast,Plastic Surgery,A,2,2988,9
571,T,F,F,SKIN DEBRIDEMENT W CC,1.7029,Skin and Breast,Plastic Surgery,A,1,6619,9
572,T,F,F,SKIN DEBRIDEMENT W/O CC/MCC,1.1786,Skin and Breast,Plastic Surgery,A,0,1796,9
573,T,F,F,SKIN GRAFT FOR SKIN ULCER OR CELLULITIS W MCC,5.2515,Skin and Breast,Plastic Surgery,A,2,615,9
574,T,F,F,SKIN GRAFT FOR SKIN ULCER OR CELLULITIS W CC,3.0459,Skin and Breast,Plastic Surgery,A,1,1406,9
575,T,F,F,SKIN GRAFT FOR SKIN ULCER OR CELLULITIS W/O CC/MCC,1.7586,Skin and Breast,Plastic Surgery,A,0,314,9
576,F,F,F,SKIN GRAFT EXC FOR SKIN ULCER OR CELLULITIS W MCC,4.8807,Skin and Breast,Plastic Surgery,A,2,480,9
577,F,F,F,SKIN GRAFT EXC FOR SKIN ULCER OR CELLULITIS W CC,2.5092,Skin and Breast,Plastic Surgery,A,1,1502,9
578,F,F,F,SKIN GRAFT EXC FOR SKIN ULCER OR CELLULITIS W/O CC/MCC,1.5297,Skin and Breast,Plastic Surgery,A,0,1029,9
579,T,F,F,"OTHER SKIN, SUBCUT TISS & BREAST PROC W MCC",2.7978,Skin and Breast,Plastic Surgery,A,2,4293,9
580,T,F,F,"OTHER SKIN, SUBCUT TISS & BREAST PROC W CC",1.5898,Skin and Breast,Plastic Surgery,A,1,11585,9
581,T,F,F,"OTHER SKIN, SUBCUT TISS & BREAST PROC W/O CC/MCC",1.2364,Skin and Breast,Plastic Surgery,A,0,5295,9
582,F,F,F,MASTECTOMY FOR MALIGNANCY W CC/MCC,1.5695,Oncology,Cancer - Surgical,A,2,767,9
583,F,F,F,MASTECTOMY FOR MALIGNANCY W/O CC/MCC,1.3781,Oncology,Cancer - Surgical,A,0,813,9
584,F,F,F,"BREAST BIOPSY, LOCAL EXCISION & OTHER BREAST PROCEDURES W CC/MCC",1.8714,Skin and Breast,Plastic Surgery,A,2,749,9
585,F,F,F,"BREAST BIOPSY, LOCAL EXCISION & OTHER BREAST PROCEDURES W/O CC/MCC",1.5657,Skin and Breast,Plastic Surgery,A,0,834,9
592,T,F,T,SKIN ULCERS W MCC,1.7082,Skin and Breast,Dermatology,A,2,2565,9
593,T,F,T,SKIN ULCERS W CC,1.1294,Skin and Breast,Dermatology,A,1,5478,9
594,T,F,T,SKIN ULCERS W/O CC/MCC,0.8102,Skin and Breast,Dermatology,A,0,749,9
595,F,F,T,MAJOR SKIN DISORDERS W MCC,1.9869,Skin and Breast,Dermatology,A,2,1004,9
596,F,F,T,MAJOR SKIN DISORDERS W/O MCC,1.0115,Skin and Breast,Dermatology,A,0,2948,9
597,F,F,T,MALIGNANT BREAST DISORDERS W MCC,1.72,Oncology,Cancer - Medical,A,2,1297,9
598,F,F,T,MALIGNANT BREAST DISORDERS W CC,1.1623,Oncology,Cancer - Medical,A,1,1638,9
599,F,F,T,MALIGNANT BREAST DISORDERS W/O CC/MCC,0.7164,Oncology,Cancer - Medical,A,0,100,9
600,F,F,T,NON-MALIGNANT BREAST DISORDERS W CC/MCC,0.956,Skin and Breast,Breast Medical,A,2,875,9
601,F,F,T,NON-MALIGNANT BREAST DISORDERS W/O CC/MCC,0.6192,Skin and Breast,Breast Medical,A,0,384,9
602,T,F,T,CELLULITIS W MCC,1.444,Skin and Breast,Dermatology,A,2,26338,9
603,T,F,T,CELLULITIS W/O MCC,0.8477,Skin and Breast,Dermatology,A,0,112440,9
604,F,F,T,"TRAUMA TO THE SKIN, SUBCUT TISS & BREAST W MCC",1.4168,Skin and Breast,Breast Medical,A,2,3199,9
605,F,F,T,"TRAUMA TO THE SKIN, SUBCUT TISS & BREAST W/O MCC",0.8605,Skin and Breast,Breast Medical,A,0,13901,9
606,F,F,T,MINOR SKIN DISORDERS W MCC,1.3808,Skin and Breast,Dermatology,A,2,1800,9
607,F,F,T,MINOR SKIN DISORDERS W/O MCC,0.801,Skin and Breast,Dermatology,A,0,6080,9
614,F,F,F,ADRENAL & PITUITARY PROCEDURES W CC/MCC,2.3636,Endocrine,Endocrine - Surgical,A,2,2076,10
615,F,F,F,ADRENAL & PITUITARY PROCEDURES W/O CC/MCC,1.4812,Endocrine,Endocrine - Surgical,A,0,1207,10
616,T,F,F,"AMPUTAT OF LOWER LIMB FOR ENDOCRINE,NUTRIT,& METABOL DIS W MCC",4.1352,Musculoskeletal,Orthopedics - Surgical,A,2,2500,10
617,T,F,F,"AMPUTAT OF LOWER LIMB FOR ENDOCRINE,NUTRIT,& METABOL DIS W CC",2.0736,Musculoskeletal,Orthopedics - Surgical,A,1,13678,10
618,T,F,F,"AMPUTAT OF LOWER LIMB FOR ENDOCRINE,NUTRIT,& METABOL DIS W/O CC/MCC",1.1593,Musculoskeletal,Orthopedics - Surgical,A,0,140,10
619,F,F,F,O.R. PROCEDURES FOR OBESITY W MCC,2.9207,Digestive Disease,Bariatric Surgery,A,2,948,10
620,F,F,F,O.R. PROCEDURES FOR OBESITY W CC,1.8096,Digestive Disease,Bariatric Surgery,A,1,3696,10
621,F,F,F,O.R. PROCEDURES FOR OBESITY W/O CC/MCC,1.5783,Digestive Disease,Bariatric Surgery,A,0,13608,10
622,T,F,F,"SKIN GRAFTS & WOUND DEBRID FOR ENDOC, NUTRIT & METAB DIS W MCC",3.798,Skin and Breast,Plastic Surgery,A,2,1510,10
623,T,F,F,"SKIN GRAFTS & WOUND DEBRID FOR ENDOC, NUTRIT & METAB DIS W CC",1.9232,Skin and Breast,Plastic Surgery,A,1,5050,10
624,T,F,F,"SKIN GRAFTS & WOUND DEBRID FOR ENDOC, NUTRIT & METAB DIS W/O CC/MCC",1.296,Skin and Breast,Plastic Surgery,A,0,247,10
625,F,F,F,"THYROID, PARATHYROID & THYROGLOSSAL PROCEDURES W MCC",2.7833,Endocrine,Endocrine - Surgical,A,2,925,10
626,F,F,F,"THYROID, PARATHYROID & THYROGLOSSAL PROCEDURES W CC",1.6106,Endocrine,Endocrine - Surgical,A,1,1285,10
627,F,F,F,"THYROID, PARATHYROID & THYROGLOSSAL PROCEDURES W/O CC/MCC",1.085,Endocrine,Endocrine - Surgical,A,0,1488,10
628,T,F,F,"OTHER ENDOCRINE, NUTRIT & METAB O.R. PROC W MCC",3.675,Endocrine,Endocrine - Surgical,A,2,3212,10
629,T,F,F,"OTHER ENDOCRINE, NUTRIT & METAB O.R. PROC W CC",2.3387,Endocrine,Endocrine - Surgical,A,1,5645,10
630,T,F,F,"OTHER ENDOCRINE, NUTRIT & METAB O.R. PROC W/O CC/MCC",1.5345,Endocrine,Endocrine - Surgical,A,0,291,10
637,T,F,T,DIABETES W MCC,1.3813,Endocrine,Endocrine - Medical,A,2,30529,10
638,T,F,T,DIABETES W CC,0.8722,Endocrine,Endocrine - Medical,A,1,58959,10
639,T,F,T,DIABETES W/O CC/MCC,0.6319,Endocrine,Endocrine - Medical,A,0,11700,10
640,T,F,T,"MISC DISORDERS OF NUTRITION,METABOLISM,FLUIDS/ELECTROLYTES W MCC",1.1902,Endocrine,Endocrine - Medical,A,2,69059,10
641,T,F,T,"MISC DISORDERS OF NUTRITION,METABOLISM,FLUIDS/ELECTROLYTES W/O MCC",0.7519,Endocrine,Endocrine - Medical,A,0,92755,10
642,F,F,T,INBORN AND OTHER DISORDERS OF METABOLISM,1.2635,Endocrine,Endocrine - Medical,A,9,1921,10
643,T,F,T,ENDOCRINE DISORDERS W MCC,1.6341,Endocrine,Endocrine - Medical,A,2,8944,10
644,T,F,T,ENDOCRINE DISORDERS W CC,1.0125,Endocrine,Endocrine - Medical,A,1,13004,10
645,T,F,T,ENDOCRINE DISORDERS W/O CC/MCC,0.7429,Endocrine,Endocrine - Medical,A,0,4555,10
652,F,F,F,KIDNEY TRANSPLANT,3.3146,Transplant,Transplant,A,9,11169,11
653,T,F,F,MAJOR BLADDER PROCEDURES W MCC,5.489,Nephrology/Urology,Urology - Surgical,A,2,1812,11
654,T,F,F,MAJOR BLADDER PROCEDURES W CC,2.8733,Nephrology/Urology,Urology - Surgical,A,1,4205,11
655,T,F,F,MAJOR BLADDER PROCEDURES W/O CC/MCC,2.0772,Nephrology/Urology,Urology - Surgical,A,0,1594,11
656,F,F,F,KIDNEY & URETER PROCEDURES FOR NEOPLASM W MCC,3.3276,Oncology,Cancer - Surgical,A,2,3155,11
657,F,F,F,KIDNEY & URETER PROCEDURES FOR NEOPLASM W CC,1.9474,Oncology,Cancer - Surgical,A,1,7898,11
658,F,F,F,KIDNEY & URETER PROCEDURES FOR NEOPLASM W/O CC/MCC,1.5664,Oncology,Cancer - Surgical,A,0,6573,11
659,T,F,F,KIDNEY & URETER PROCEDURES FOR NON-NEOPLASM W MCC,2.7271,Nephrology/Urology,Urology - Surgical,A,2,7813,11
660,T,F,F,KIDNEY & URETER PROCEDURES FOR NON-NEOPLASM W CC,1.4476,Nephrology/Urology,Urology - Surgical,A,1,18709,11
661,T,F,F,KIDNEY & URETER PROCEDURES FOR NON-NEOPLASM W/O CC/MCC,1.0728,Nephrology/Urology,Urology - Surgical,A,0,13474,11
662,F,F,F,MINOR BLADDER PROCEDURES W MCC,3.1787,Nephrology/Urology,Urology - Surgical,A,2,628,11
663,F,F,F,MINOR BLADDER PROCEDURES W CC,1.6403,Nephrology/Urology,Urology - Surgical,A,1,1351,11
664,F,F,F,MINOR BLADDER PROCEDURES W/O CC/MCC,1.1857,Nephrology/Urology,Urology - Surgical,A,0,629,11
665,F,F,F,PROSTATECTOMY W MCC,3.1788,Nephrology/Urology,Urology - Surgical,A,2,598,11
666,F,F,F,PROSTATECTOMY W CC,1.7791,Nephrology/Urology,Urology - Surgical,A,1,1590,11
667,F,F,F,PROSTATECTOMY W/O CC/MCC,1.0804,Nephrology/Urology,Urology - Surgical,A,0,632,11
668,F,F,F,TRANSURETHRAL PROCEDURES W MCC,2.8146,Nephrology/Urology,Urology - Surgical,A,2,2183,11
669,F,F,F,TRANSURETHRAL PROCEDURES W CC,1.5825,Nephrology/Urology,Urology - Surgical,A,1,5778,11
670,F,F,F,TRANSURETHRAL PROCEDURES W/O CC/MCC,0.9635,Nephrology/Urology,Urology - Surgical,A,0,2091,11
671,F,F,F,URETHRAL PROCEDURES W CC/MCC,1.6835,Nephrology/Urology,Urology - Surgical,A,2,384,11
672,F,F,F,URETHRAL PROCEDURES W/O CC/MCC,1.0569,Nephrology/Urology,Urology - Surgical,A,0,201,11
673,F,F,F,OTHER KIDNEY & URINARY TRACT PROCEDURES W MCC,3.5773,Nephrology/Urology,Urology - Surgical,A,2,7698,11
674,F,F,F,OTHER KIDNEY & URINARY TRACT PROCEDURES W CC,2.3121,Nephrology/Urology,Urology - Surgical,A,1,5384,11
675,F,F,F,OTHER KIDNEY & URINARY TRACT PROCEDURES W/O CC/MCC,1.6253,Nephrology/Urology,Urology - Surgical,A,0,503,11
682,T,F,T,RENAL FAILURE W MCC,1.532,Nephrology/Urology,Nephrology,A,2,104020,11
683,T,F,T,RENAL FAILURE W CC,0.919,Nephrology/Urology,Nephrology,A,1,143601,11
684,T,F,T,RENAL FAILURE W/O CC/MCC,0.6198,Nephrology/Urology,Nephrology,A,0,18960,11
686,F,F,T,KIDNEY & URINARY TRACT NEOPLASMS W MCC,1.7176,Oncology,Cancer - Medical,A,2,1563,11
687,F,F,T,KIDNEY & URINARY TRACT NEOPLASMS W CC,1.0537,Oncology,Cancer - Medical,A,1,2558,11
688,F,F,T,KIDNEY & URINARY TRACT NEOPLASMS W/O CC/MCC,0.7909,Oncology,Cancer - Medical,A,0,303,11
689,T,F,T,KIDNEY & URINARY TRACT INFECTIONS W MCC,1.1116,Nephrology/Urology,Urology - Medical,A,2,71007,11
690,T,F,T,KIDNEY & URINARY TRACT INFECTIONS W/O MCC,0.7941,Nephrology/Urology,Urology - Medical,A,0,150347,11
691,F,F,T,URINARY STONES W ESW LITHOTRIPSY W CC/MCC,1.6242,Nephrology/Urology,Urology - Medical,A,2,169,11
692,F,F,T,URINARY STONES W ESW LITHOTRIPSY W/O CC/MCC,1.1306,Nephrology/Urology,Urology - Medical,A,0,114,11
693,F,F,T,URINARY STONES W/O ESW LITHOTRIPSY W MCC,1.3236,Nephrology/Urology,Urology - Medical,A,2,1314,11
694,F,F,T,URINARY STONES W/O ESW LITHOTRIPSY W/O MCC,0.7021,Nephrology/Urology,Urology - Medical,A,0,7765,11
695,F,F,T,KIDNEY & URINARY TRACT SIGNS & SYMPTOMS W MCC,1.1487,Nephrology/Urology,Urology - Medical,A,2,1286,11
696,F,F,T,KIDNEY & URINARY TRACT SIGNS & SYMPTOMS W/O MCC,0.6886,Nephrology/Urology,Urology - Medical,A,0,6913,11
697,F,F,T,URETHRAL STRICTURE,0.96,Nephrology/Urology,Urology - Medical,A,9,448,11
698,T,F,T,OTHER KIDNEY & URINARY TRACT DIAGNOSES W MCC,1.6151,Nephrology/Urology,Urology - Medical,A,2,55393,11
699,T,F,T,OTHER KIDNEY & URINARY TRACT DIAGNOSES W CC,1.0279,Nephrology/Urology,Urology - Medical,A,1,35860,11
700,T,F,T,OTHER KIDNEY & URINARY TRACT DIAGNOSES W/O CC/MCC,0.7597,Nephrology/Urology,Urology - Medical,A,0,4466,11
707,F,F,F,MAJOR MALE PELVIC PROCEDURES W CC/MCC,1.7914,Nephrology/Urology,Urology - Surgical,A,2,5423,12
708,F,F,F,MAJOR MALE PELVIC PROCEDURES W/O CC/MCC,1.4065,Nephrology/Urology,Urology - Surgical,A,0,15423,12
709,F,F,F,PENIS PROCEDURES W CC/MCC,2.0318,Nephrology/Urology,Urology - Surgical,A,2,450,12
710,F,F,F,PENIS PROCEDURES W/O CC/MCC,1.6695,Nephrology/Urology,Urology - Surgical,A,0,240,12
711,F,F,F,TESTES PROCEDURES W CC/MCC,2.0835,Nephrology/Urology,Urology - Surgical,A,2,498,12
712,F,F,F,TESTES PROCEDURES W/O CC/MCC,1.0768,Nephrology/Urology,Urology - Surgical,A,0,106,12
713,F,F,F,TRANSURETHRAL PROSTATECTOMY W CC/MCC,1.4634,Nephrology/Urology,Urology - Surgical,A,2,5383,12
714,F,F,F,TRANSURETHRAL PROSTATECTOMY W/O CC/MCC,0.9105,Nephrology/Urology,Urology - Surgical,A,0,2076,12
715,F,F,F,OTHER MALE REPRODUCTIVE SYSTEM O.R. PROC FOR MALIGNANCY W CC/MCC,2.2099,Oncology,Cancer - Surgical,A,2,406,12
716,F,F,F,OTHER MALE REPRODUCTIVE SYSTEM O.R. PROC FOR MALIGNANCY W/O CC/MCC,1.463,Oncology,Cancer - Surgical,A,0,191,12
717,F,F,F,OTHER MALE REPRODUCTIVE SYSTEM O.R. PROC EXC MALIGNANCY W CC/MCC,1.9543,Nephrology/Urology,Urology - Surgical,A,2,1300,12
718,F,F,F,OTHER MALE REPRODUCTIVE SYSTEM O.R. PROC EXC MALIGNANCY W/O CC/MCC,1.2326,Nephrology/Urology,Urology - Surgical,A,0,407,12
722,F,F,T,"MALIGNANCY, MALE REPRODUCTIVE SYSTEM W MCC",1.6597,Oncology,Cancer - Medical,A,2,841,12
723,F,F,T,"MALIGNANCY, MALE REPRODUCTIVE SYSTEM W CC",1.1015,Oncology,Cancer - Medical,A,1,1536,12
724,F,F,T,"MALIGNANCY, MALE REPRODUCTIVE SYSTEM W/O CC/MCC",0.6892,Oncology,Cancer - Medical,A,0,102,12
725,F,F,T,BENIGN PROSTATIC HYPERTROPHY W MCC,1.2143,Nephrology/Urology,Urology - Medical,A,2,662,12
726,F,F,T,BENIGN PROSTATIC HYPERTROPHY W/O MCC,0.7645,Nephrology/Urology,Urology - Medical,A,0,2824,12
727,F,F,T,INFLAMMATION OF THE MALE REPRODUCTIVE SYSTEM W MCC,1.438,Nephrology/Urology,Urology - Medical,A,2,1400,12
728,F,F,T,INFLAMMATION OF THE MALE REPRODUCTIVE SYSTEM W/O MCC,0.7914,Nephrology/Urology,Urology - Medical,A,0,4748,12
729,F,F,T,OTHER MALE REPRODUCTIVE SYSTEM DIAGNOSES W CC/MCC,1.082,Nephrology/Urology,Urology - Medical,A,2,693,12
730,F,F,T,OTHER MALE REPRODUCTIVE SYSTEM DIAGNOSES W/O CC/MCC,0.5684,Nephrology/Urology,Urology - Medical,A,0,136,12
734,F,F,F,"PELVIC EVISCERATION, RAD HYSTERECTOMY & RAD VULVECTOMY W CC/MCC",2.3059,Oncology,Cancer - Surgical,A,2,1188,13
735,F,F,F,"PELVIC EVISCERATION, RAD HYSTERECTOMY & RAD VULVECTOMY W/O CC/MCC",1.365,Oncology,Cancer - Surgical,A,0,710,13
736,F,F,F,UTERINE & ADNEXA PROC FOR OVARIAN OR ADNEXAL MALIGNANCY W MCC,4.0306,Oncology,Cancer - Surgical,A,2,651,13
737,F,F,F,UTERINE & ADNEXA PROC FOR OVARIAN OR ADNEXAL MALIGNANCY W CC,2.0314,Oncology,Cancer - Surgical,A,1,2569,13
738,F,F,F,UTERINE & ADNEXA PROC FOR OVARIAN OR ADNEXAL MALIGNANCY W/O CC/MCC,1.3923,Oncology,Cancer - Surgical,A,0,565,13
739,F,F,F,"UTERINE,ADNEXA PROC FOR NON-OVARIAN/ADNEXAL MALIG W MCC",3.5977,Oncology,Cancer - Surgical,A,2,572,13
740,F,F,F,"UTERINE,ADNEXA PROC FOR NON-OVARIAN/ADNEXAL MALIG W CC",1.7429,Oncology,Cancer - Surgical,A,1,2570,13
741,F,F,F,"UTERINE,ADNEXA PROC FOR NON-OVARIAN/ADNEXAL MALIG W/O CC/MCC",1.3278,Oncology,Cancer - Surgical,A,0,2030,13
742,F,F,F,UTERINE & ADNEXA PROC FOR NON-MALIGNANCY W CC/MCC,1.714,OB/GYN,Gynecology,A,2,4830,13
743,F,F,F,UTERINE & ADNEXA PROC FOR NON-MALIGNANCY W/O CC/MCC,1.1156,OB/GYN,Gynecology,A,0,7297,13
744,F,F,F,"D&C, CONIZATION, LAPAROSCOPY & TUBAL INTERRUPTION W CC/MCC",1.6903,OB/GYN,Gynecology,A,2,1412,13
745,F,F,F,"D&C, CONIZATION, LAPAROSCOPY & TUBAL INTERRUPTION W/O CC/MCC",1.0694,OB/GYN,Gynecology,A,0,308,13
746,F,F,F,"VAGINA, CERVIX & VULVA PROCEDURES W CC/MCC",1.6777,OB/GYN,Gynecology,A,2,1470,13
747,F,F,F,"VAGINA, CERVIX & VULVA PROCEDURES W/O CC/MCC",0.9582,OB/GYN,Gynecology,A,0,1545,13
748,F,F,F,FEMALE REPRODUCTIVE SYSTEM RECONSTRUCTIVE PROCEDURES,1.294,OB/GYN,Gynecology,A,9,1834,13
749,F,F,F,OTHER FEMALE REPRODUCTIVE SYSTEM O.R. PROCEDURES W CC/MCC,2.602,OB/GYN,Gynecology,A,2,846,13
750,F,F,F,OTHER FEMALE REPRODUCTIVE SYSTEM O.R. PROCEDURES W/O CC/MCC,1.2239,OB/GYN,Gynecology,A,0,177,13
754,F,F,T,"MALIGNANCY, FEMALE REPRODUCTIVE SYSTEM W MCC",1.8414,Oncology,Cancer - Medical,A,2,1604,13
755,F,F,T,"MALIGNANCY, FEMALE REPRODUCTIVE SYSTEM W CC",1.0699,Oncology,Cancer - Medical,A,1,2715,13
756,F,F,T,"MALIGNANCY, FEMALE REPRODUCTIVE SYSTEM W/O CC/MCC",0.7801,Oncology,Cancer - Medical,A,0,221,13
757,F,F,T,"INFECTIONS, FEMALE REPRODUCTIVE SYSTEM W MCC",1.4409,OB/GYN,Gynecology,A,2,848,13
758,F,F,T,"INFECTIONS, FEMALE REPRODUCTIVE SYSTEM W CC",1.0204,OB/GYN,Gynecology,A,1,1529,13
759,F,F,T,"INFECTIONS, FEMALE REPRODUCTIVE SYSTEM W/O CC/MCC",0.7107,OB/GYN,Gynecology,A,0,483,13
760,F,F,T,MENSTRUAL & OTHER FEMALE REPRODUCTIVE SYSTEM DISORDERS W CC/MCC,0.8717,OB/GYN,Gynecology,A,2,1705,13
761,F,F,T,MENSTRUAL & OTHER FEMALE REPRODUCTIVE SYSTEM DISORDERS W/O CC/MCC,0.5494,OB/GYN,Gynecology,A,0,358,13
768,F,F,F,VAGINAL DELIVERY W O.R. PROC EXCEPT STERIL &/OR D&C,1.1314,OB/GYN,Obstetrics Delivered,A,9,176,14
769,F,F,F,POSTPARTUM & POST ABORTION DIAGNOSES W O.R. PROCEDURE,1.4579,OB/GYN,Obstetrics Non Delivered,A,9,140,14
770,F,F,F,"ABORTION W D&C, ASPIRATION CURETTAGE OR HYSTEROTOMY",1.0679,OB/GYN,Obstetrics Non Delivered,A,9,103,14
776,F,F,T,POSTPARTUM & POST ABORTION DIAGNOSES W/O O.R. PROCEDURE,0.659,OB/GYN,Obstetrics Non Delivered,A,9,566,14
779,F,F,T,ABORTION W/O D&C,0.7543,OB/GYN,Obstetrics Non Delivered,A,9,58,14
783,F,F,F,CESAREAN SECTION W STERILIZATION W MCC,1.7455,OB/GYN,Obstetrics Delivered,N,2,193,14
784,F,F,F,CESAREAN SECTION W STERILIZATION W CC,1.1021,OB/GYN,Obstetrics Delivered,N,1,549,14
785,F,F,F,CESAREAN SECTION W STERILIZATION W/O CC/MCC,0.8455,OB/GYN,Obstetrics Delivered,N,0,507,14
786,F,F,F,CESAREAN SECTION W/O STERILIZATION W MCC,1.5548,OB/GYN,Obstetrics Delivered,N,2,755,14
787,F,F,F,CESAREAN SECTION W/O STERILIZATION W CC,1.0811,OB/GYN,Obstetrics Delivered,N,1,2050,14
788,F,F,F,CESAREAN SECTION W/O STERILIZATION W/O CC/MCC,0.9007,OB/GYN,Obstetrics Delivered,N,0,1868,14
789,F,F,T,"NEONATES, DIED OR TRANSFERRED TO ANOTHER ACUTE CARE FACILITY",1.6637,Newborn,Neonate,A,9,NA,15
790,F,F,T,"EXTREME IMMATURITY OR RESPIRATORY DISTRESS SYNDROME, NEONATE",5.4863,Newborn,Neonate,A,9,NA,15
791,F,F,T,PREMATURITY W MAJOR PROBLEMS,3.747,Newborn,Neonate,A,9,1,15
792,F,F,T,PREMATURITY W/O MAJOR PROBLEMS,2.2608,Newborn,Neonate,A,9,NA,15
793,F,F,T,FULL TERM NEONATE W MAJOR PROBLEMS,3.8489,Newborn,Neonate,A,9,2,15
794,F,F,T,NEONATE W OTHER SIGNIFICANT PROBLEMS,1.3623,Newborn,Neonate,A,9,1,15
795,F,F,T,NORMAL NEWBORN,0.1844,Newborn,Normal Newborn,A,9,NA,15
796,F,F,F,VAGINAL DELIVERY W STERILIZATION/D&C W MCC,1.4682,OB/GYN,Obstetrics Delivered,N,2,49,14
797,F,F,F,VAGINAL DELIVERY W STERILIZATION/D&C W CC,0.8469,OB/GYN,Obstetrics Delivered,N,1,124,14
798,F,F,F,VAGINAL DELIVERY W STERILIZATION/D&C WO CC/MCC,0.8469,OB/GYN,Obstetrics Delivered,N,0,160,14
799,F,F,F,SPLENECTOMY W MCC,4.7016,All Other,Miscellaneous - Surgical,A,2,487,16
800,F,F,F,SPLENECTOMY W CC,2.6268,All Other,Miscellaneous - Surgical,A,1,376,16
801,F,F,F,SPLENECTOMY W/O CC/MCC,1.5563,All Other,Miscellaneous - Surgical,A,0,182,16
802,F,F,F,OTHER O.R. PROC OF THE BLOOD & BLOOD FORMING ORGANS W MCC,3.3472,All Other,Miscellaneous - Surgical,A,2,861,16
803,F,F,F,OTHER O.R. PROC OF THE BLOOD & BLOOD FORMING ORGANS W CC,1.7221,All Other,Miscellaneous - Surgical,A,1,999,16
804,F,F,F,OTHER O.R. PROC OF THE BLOOD & BLOOD FORMING ORGANS W/O CC/MCC,1.2305,All Other,Miscellaneous - Surgical,A,0,503,16
805,F,F,T,VAGINAL DELIVERY W/O STERILIZATION/D&C W MCC,1.0232,OB/GYN,Obstetrics Delivered,N,2,506,14
806,F,F,T,VAGINAL DELIVERY W/O STERILIZATION/D&C W CC,0.7074,OB/GYN,Obstetrics Delivered,N,1,2143,14
807,F,F,T,VAGINAL DELIVERY W/O STERILIZATION/D&C W/O CC/MCC,0.614,OB/GYN,Obstetrics Delivered,N,0,3833,14
808,F,F,T,MAJOR HEMATOL/IMMUN DIAG EXC SICKLE CELL CRISIS & COAGUL W MCC,2.1492,Hematology,Hematology,A,2,7417,16
809,F,F,T,MAJOR HEMATOL/IMMUN DIAG EXC SICKLE CELL CRISIS & COAGUL W CC,1.2045,Hematology,Hematology,A,1,14636,16
810,F,F,T,MAJOR HEMATOL/IMMUN DIAG EXC SICKLE CELL CRISIS & COAGUL W/O CC/MCC,0.922,Hematology,Hematology,A,0,1987,16
811,F,F,T,RED BLOOD CELL DISORDERS W MCC,1.356,Hematology,Hematology,A,2,25775,16
812,F,F,T,RED BLOOD CELL DISORDERS W/O MCC,0.8832,Hematology,Hematology,A,0,59544,16
813,F,F,T,COAGULATION DISORDERS,1.6115,Hematology,Hematology,A,9,15772,16
814,F,F,T,RETICULOENDOTHELIAL & IMMUNITY DISORDERS W MCC,1.663,Hematology,Hematology,A,2,1583,16
815,F,F,T,RETICULOENDOTHELIAL & IMMUNITY DISORDERS W CC,0.9777,Hematology,Hematology,A,1,2642,16
816,F,F,T,RETICULOENDOTHELIAL & IMMUNITY DISORDERS W/O CC/MCC,0.7216,Hematology,Hematology,A,0,835,16
817,F,F,F,OTHER ANTEPARTUM DIAGNOSES W O.R. PROCEDURE W MCC,2.5317,OB/GYN,Obstetrics Non Delivered,N,2,75,14
818,F,F,F,OTHER ANTEPARTUM DIAGNOSES W O.R. PROCEDURE W CC,1.3585,OB/GYN,Obstetrics Non Delivered,N,1,88,14
819,F,F,F,OTHER ANTEPARTUM DIAGNOSES W O.R. PROCEDURE W/O CC/MCC,0.839,OB/GYN,Obstetrics Non Delivered,N,0,53,14
820,F,F,F,LYMPHOMA & LEUKEMIA W MAJOR O.R. PROCEDURE W MCC,5.4437,Oncology,Cancer - Surgical,A,2,1119,17
821,F,F,F,LYMPHOMA & LEUKEMIA W MAJOR O.R. PROCEDURE W CC,2.3943,Oncology,Cancer - Surgical,A,1,1200,17
822,F,F,F,LYMPHOMA & LEUKEMIA W MAJOR O.R. PROCEDURE W/O CC/MCC,1.2098,Oncology,Cancer - Surgical,A,0,964,17
823,F,F,F,LYMPHOMA & NON-ACUTE LEUKEMIA W OTHER PROC W MCC,4.5246,Oncology,Cancer - Surgical,A,2,2454,17
824,F,F,F,LYMPHOMA & NON-ACUTE LEUKEMIA W OTHER PROC W CC,2.1944,Oncology,Cancer - Surgical,A,1,2675,17
825,F,F,F,LYMPHOMA & NON-ACUTE LEUKEMIA W OTHER PROC W/O CC/MCC,1.359,Oncology,Cancer - Surgical,A,0,788,17
826,F,F,F,MYELOPROLIF DISORD OR POORLY DIFF NEOPL W MAJ O.R. PROC W MCC,4.9479,Oncology,Cancer - Surgical,A,2,727,17
827,F,F,F,MYELOPROLIF DISORD OR POORLY DIFF NEOPL W MAJ O.R. PROC W CC,2.2517,Oncology,Cancer - Surgical,A,1,1341,17
828,F,F,F,MYELOPROLIF DISORD OR POORLY DIFF NEOPL W MAJ O.R. PROC W/O CC/MCC,1.6354,Oncology,Cancer - Surgical,A,0,783,17
829,F,F,F,MYELOPROLIFERATIVE DISORDERS OR POORLY DIFFERENTIATED NEOPLASMS W OTHER PROCEDURE W CC/MCC,3.1097,Oncology,Cancer - Surgical,A,2,1681,17
830,F,F,F,MYELOPROLIFERATIVE DISORDERS OR POORLY DIFFERENTIATED NEOPLASMS W OTHER PROCEDURE W/O CC/MCC,1.4188,Oncology,Cancer - Surgical,A,0,397,17
831,F,F,T,OTHER ANTEPARTUM DIAGNOSES W/O O.R. PROCEDURE W MCC,1.0281,OB/GYN,Obstetrics Non Delivered,N,2,859,14
832,F,F,T,OTHER ANTEPARTUM DIAGNOSES W/O O.R. PROCEDURE W CC,0.7188,OB/GYN,Obstetrics Non Delivered,N,1,1257,14
833,F,F,T,OTHER ANTEPARTUM DIAGNOSES W/O O.R. PROCEDURE W/O CC/MCC,0.4803,OB/GYN,Obstetrics Non Delivered,N,0,663,14
834,F,F,T,ACUTE LEUKEMIA W/O MAJOR O.R. PROCEDURE W MCC,5.5078,Oncology,Cancer - Medical,A,2,3315,17
835,F,F,T,ACUTE LEUKEMIA W/O MAJOR O.R. PROCEDURE W CC,2.136,Oncology,Cancer - Medical,A,1,1730,17
836,F,F,T,ACUTE LEUKEMIA W/O MAJOR O.R. PROCEDURE W/O CC/MCC,1.2126,Oncology,Cancer - Medical,A,0,422,17
837,F,F,T,CHEMO W ACUTE LEUKEMIA AS SDX OR W HIGH DOSE CHEMO AGENT W MCC,5.3741,Oncology,Cancer - Medical,A,2,1740,17
838,F,F,T,CHEMO W ACUTE LEUKEMIA AS SDX W CC OR HIGH DOSE CHEMO AGENT,2.3526,Oncology,Cancer - Medical,A,1,1036,17
839,F,F,T,CHEMO W ACUTE LEUKEMIA AS SDX W/O CC/MCC,1.2559,Oncology,Cancer - Medical,A,0,821,17
840,T,F,T,LYMPHOMA & NON-ACUTE LEUKEMIA W MCC,3.2929,Oncology,Cancer - Medical,A,2,9016,17
841,T,F,T,LYMPHOMA & NON-ACUTE LEUKEMIA W CC,1.6348,Oncology,Cancer - Medical,A,1,8134,17
842,T,F,T,LYMPHOMA & NON-ACUTE LEUKEMIA W/O CC/MCC,1.1211,Oncology,Cancer - Medical,A,0,1741,17
843,F,F,T,OTHER MYELOPROLIF DIS OR POORLY DIFF NEOPL DIAG W MCC,1.846,Oncology,Cancer - Medical,A,2,2138,17
844,F,F,T,OTHER MYELOPROLIF DIS OR POORLY DIFF NEOPL DIAG W CC,1.1788,Oncology,Cancer - Medical,A,1,2115,17
845,F,F,T,OTHER MYELOPROLIF DIS OR POORLY DIFF NEOPL DIAG W/O CC/MCC,0.8662,Oncology,Cancer - Medical,A,0,390,17
846,F,F,T,CHEMOTHERAPY W/O ACUTE LEUKEMIA AS SECONDARY DIAGNOSIS W MCC,2.8179,Oncology,Cancer - Medical,A,2,3455,17
847,F,F,T,CHEMOTHERAPY W/O ACUTE LEUKEMIA AS SECONDARY DIAGNOSIS W CC,1.3265,Oncology,Cancer - Medical,A,1,13772,17
848,F,F,T,CHEMOTHERAPY W/O ACUTE LEUKEMIA AS SECONDARY DIAGNOSIS W/O CC/MCC,0.9326,Oncology,Cancer - Medical,A,0,311,17
849,F,F,T,RADIOTHERAPY,1.9702,Oncology,Cancer - Medical,A,9,467,17
853,T,F,F,INFECTIOUS & PARASITIC DISEASES W O.R. PROCEDURE W MCC,5.0571,Infectious Disease,Infectious Disease - Surgical,A,2,82345,18
854,T,F,F,INFECTIOUS & PARASITIC DISEASES W O.R. PROCEDURE W CC,2.2028,Infectious Disease,Infectious Disease - Surgical,A,1,23623,18
855,T,F,F,INFECTIOUS & PARASITIC DISEASES W O.R. PROCEDURE W/O CC/MCC,1.56,Infectious Disease,Infectious Disease - Surgical,A,0,323,18
856,T,F,F,POSTOPERATIVE OR POST-TRAUMATIC INFECTIONS W O.R. PROC W MCC,4.4883,Infectious Disease,Infectious Disease - Surgical,A,2,8065,18
857,T,F,F,POSTOPERATIVE OR POST-TRAUMATIC INFECTIONS W O.R. PROC W CC,2.0567,Infectious Disease,Infectious Disease - Surgical,A,1,9710,18
858,T,F,F,POSTOPERATIVE OR POST-TRAUMATIC INFECTIONS W O.R. PROC W/O CC/MCC,1.3801,Infectious Disease,Infectious Disease - Surgical,A,0,1266,18
862,T,F,T,POSTOPERATIVE & POST-TRAUMATIC INFECTIONS W MCC,1.8277,Infectious Disease,Infectious Disease - Medical,A,2,11201,18
863,T,F,T,POSTOPERATIVE & POST-TRAUMATIC INFECTIONS W/O MCC,0.9848,Infectious Disease,Infectious Disease - Medical,A,0,11298,18
864,F,F,T,FEVER AND INFLAMMATORY CONDITIONS,0.8643,Infectious Disease,Infectious Disease - Medical,A,9,12206,18
865,F,F,T,VIRAL ILLNESS W MCC,1.3822,Infectious Disease,Infectious Disease - Medical,A,2,2925,18
866,F,F,T,VIRAL ILLNESS W/O MCC,0.8204,Infectious Disease,Infectious Disease - Medical,A,0,7221,18
867,T,F,T,OTHER INFECTIOUS & PARASITIC DISEASES DIAGNOSES W MCC,2.1329,Infectious Disease,Infectious Disease - Medical,A,2,2761,18
868,T,F,T,OTHER INFECTIOUS & PARASITIC DISEASES DIAGNOSES W CC,1.0769,Infectious Disease,Infectious Disease - Medical,A,1,2357,18
869,T,F,T,OTHER INFECTIOUS & PARASITIC DISEASES DIAGNOSES W/O CC/MCC,0.7679,Infectious Disease,Infectious Disease - Medical,A,0,525,18
870,T,F,T,SEPTICEMIA OR SEVERE SEPSIS W MV >96 HOURS OR PERIPHERAL EXTRACORPOREAL MEMBRANE OXYGENATION (ECMO),6.2953,Infectious Disease,Infectious Disease - Medical,A,9,34468,18
871,T,F,T,SEPTICEMIA OR SEVERE SEPSIS W/O MV >96 HOURS W MCC,1.8564,Infectious Disease,Infectious Disease - Medical,A,2,583535,18
872,T,F,T,SEPTICEMIA OR SEVERE SEPSIS W/O MV >96 HOURS W/O MCC,1.0529,Infectious Disease,Infectious Disease - Medical,A,0,165853,18
876,F,F,F,O.R. PROCEDURE W PRINCIPAL DIAGNOSES OF MENTAL ILLNESS,3.3014,Behavioral,Psychiatry,A,9,654,19
880,F,F,T,ACUTE ADJUSTMENT REACTION & PSYCHOSOCIAL DYSFUNCTION,0.8111,Behavioral,Psychiatry,A,9,7332,19
881,F,F,T,DEPRESSIVE NEUROSES,0.7585,Behavioral,Psychiatry,A,9,4711,19
882,F,F,T,NEUROSES EXCEPT DEPRESSIVE,0.775,Behavioral,Psychiatry,A,9,2190,19
883,F,F,T,DISORDERS OF PERSONALITY & IMPULSE CONTROL,1.3199,Behavioral,Psychiatry,A,9,1229,19
884,T,F,T,ORGANIC DISTURBANCES & INTELLECTUAL DISABILITY,1.3479,Behavioral,Psychiatry,A,9,19583,19
885,F,F,T,PSYCHOSES,1.1961,Behavioral,Psychiatry,A,9,74167,19
886,F,F,T,BEHAVIORAL & DEVELOPMENTAL DISORDERS,0.9887,Behavioral,Psychiatry,A,9,340,19
887,F,F,T,OTHER MENTAL DISORDER DIAGNOSES,1.0645,Behavioral,Psychiatry,A,9,402,19
894,F,F,T,"ALCOHOL/DRUG ABUSE OR DEPENDENCE, LEFT AMA",0.5169,Behavioral,Substance Abuse,A,9,4363,20
895,F,F,T,ALCOHOL/DRUG ABUSE OR DEPENDENCE W REHABILITATION THERAPY,1.4328,Behavioral,Substance Abuse,A,9,3909,20
896,T,F,T,ALCOHOL/DRUG ABUSE OR DEPENDENCE W/O REHABILITATION THERAPY W MCC,1.7468,Behavioral,Substance Abuse,A,2,8358,20
897,T,F,T,ALCOHOL/DRUG ABUSE OR DEPENDENCE W/O REHABILITATION THERAPY W/O MCC,0.8208,Behavioral,Substance Abuse,A,0,33129,20
901,F,F,F,WOUND DEBRIDEMENTS FOR INJURIES W MCC,4.4649,Skin and Breast,Plastic Surgery,A,2,1020,21
902,F,F,F,WOUND DEBRIDEMENTS FOR INJURIES W CC,1.9204,Skin and Breast,Plastic Surgery,A,1,1937,21
903,F,F,F,WOUND DEBRIDEMENTS FOR INJURIES W/O CC/MCC,1.1639,Skin and Breast,Plastic Surgery,A,0,641,21
904,F,F,F,SKIN GRAFTS FOR INJURIES W CC/MCC,3.226,Skin and Breast,Plastic Surgery,A,2,967,21
905,F,F,F,SKIN GRAFTS FOR INJURIES W/O CC/MCC,1.7692,Skin and Breast,Plastic Surgery,A,0,285,21
906,F,F,F,HAND PROCEDURES FOR INJURIES,1.8432,Musculoskeletal,Orthopedics - Surgical,A,9,496,21
907,T,F,F,OTHER O.R. PROCEDURES FOR INJURIES W MCC,4.2161,All Other,Miscellaneous - Surgical,A,2,7983,21
908,T,F,F,OTHER O.R. PROCEDURES FOR INJURIES W CC,1.9928,All Other,Miscellaneous - Surgical,A,1,9458,21
909,T,F,F,OTHER O.R. PROCEDURES FOR INJURIES W/O CC/MCC,1.3254,All Other,Miscellaneous - Surgical,A,0,3466,21
913,F,F,T,TRAUMATIC INJURY W MCC,1.4719,Trauma,Trauma,A,2,698,21
914,F,F,T,TRAUMATIC INJURY W/O MCC,0.8378,Trauma,Trauma,A,0,2691,21
915,F,F,T,ALLERGIC REACTIONS W MCC,1.6769,Poisoning/Drug Tox,Poisoning/Drug Tox,A,2,2384,21
916,F,F,T,ALLERGIC REACTIONS W/O MCC,0.6353,Poisoning/Drug Tox,Poisoning/Drug Tox,A,0,4195,21
917,T,F,T,POISONING & TOXIC EFFECTS OF DRUGS W MCC,1.4737,Poisoning/Drug Tox,Poisoning/Drug Tox,A,2,32656,21
918,T,F,T,POISONING & TOXIC EFFECTS OF DRUGS W/O MCC,0.7787,Poisoning/Drug Tox,Poisoning/Drug Tox,A,0,22397,21
919,F,F,T,COMPLICATIONS OF TREATMENT W MCC,1.8243,All Other,Miscellaneous - Surgical,A,2,13263,21
920,F,F,T,COMPLICATIONS OF TREATMENT W CC,1.0031,All Other,Miscellaneous - Surgical,A,1,13816,21
921,F,F,T,COMPLICATIONS OF TREATMENT W/O CC/MCC,0.7066,All Other,Miscellaneous - Surgical,A,0,3258,21
922,F,F,T,"OTHER INJURY, POISONING & TOXIC EFFECT DIAG W MCC",1.5584,Poisoning/Drug Tox,Poisoning/Drug Tox,A,2,1306,21
923,F,F,T,"OTHER INJURY, POISONING & TOXIC EFFECT DIAG W/O MCC",0.8698,Poisoning/Drug Tox,Poisoning/Drug Tox,A,0,2031,21
927,F,F,F,EXTENSIVE BURNS OR FULL THICKNESS BURNS W MV >96 HRS W SKIN GRAFT,18.3845,Burn,Burn,A,9,175,22
928,F,F,F,FULL THICKNESS BURN W SKIN GRAFT OR INHAL INJ W CC/MCC,5.8756,Burn,Burn,A,2,1081,22
929,F,F,F,FULL THICKNESS BURN W SKIN GRAFT OR INHAL INJ W/O CC/MCC,2.9722,Burn,Burn,A,0,315,22
933,F,F,T,EXTENSIVE BURNS OR FULL THICKNESS BURNS W MV >96 HRS W/O SKIN GRAFT,2.8603,Burn,Burn,A,9,132,22
934,F,F,T,FULL THICKNESS BURN W/O SKIN GRAFT OR INHAL INJ,1.8335,Burn,Burn,A,9,533,22
935,F,F,T,NON-EXTENSIVE BURNS,1.8217,Burn,Burn,A,9,1845,22
939,F,F,F,O.R. PROC W DIAGNOSES OF OTHER CONTACT W HEALTH SERVICES W MCC,3.2787,All Other,Miscellaneous - Surgical,A,2,858,23
940,F,F,F,O.R. PROC W DIAGNOSES OF OTHER CONTACT W HEALTH SERVICES W CC,2.1745,All Other,Miscellaneous - Surgical,A,1,1834,23
941,F,F,F,O.R. PROC W DIAGNOSES OF OTHER CONTACT W HEALTH SERVICES W/O CC/MCC,1.8514,All Other,Miscellaneous - Surgical,A,0,931,23
945,T,F,T,REHABILITATION W CC/MCC,1.3649,Rehabilitation,Rehabilitation,A,2,944,23
946,T,F,T,REHABILITATION W/O CC/MCC,1.0427,Rehabilitation,Rehabilitation,A,0,213,23
947,T,F,T,SIGNS & SYMPTOMS W MCC,1.2056,All Other,Miscellaneous - Medical,A,2,9983,23
948,T,F,T,SIGNS & SYMPTOMS W/O MCC,0.7802,All Other,Miscellaneous - Medical,A,0,35541,23
949,F,F,T,AFTERCARE W CC/MCC,1.1462,All Other,Miscellaneous - Medical,A,2,1546,23
950,F,F,T,AFTERCARE W/O CC/MCC,0.7449,All Other,Miscellaneous - Medical,A,0,379,23
951,F,F,T,OTHER FACTORS INFLUENCING HEALTH STATUS,0.7984,All Other,Miscellaneous - Medical,A,9,640,23
955,F,F,F,CRANIOTOMY FOR MULTIPLE SIGNIFICANT TRAUMA,6.0969,Neuroscience,Neurosurgery,A,9,484,24
956,T,F,F,"LIMB REATTACHMENT, HIP & FEMUR PROC FOR MULTIPLE SIGNIFICANT TRAUMA",3.7838,Trauma,Trauma,A,9,5848,24
957,F,F,F,OTHER O.R. PROCEDURES FOR MULTIPLE SIGNIFICANT TRAUMA W MCC,7.5985,Trauma,Trauma,A,2,2242,24
958,F,F,F,OTHER O.R. PROCEDURES FOR MULTIPLE SIGNIFICANT TRAUMA W CC,4.1798,Trauma,Trauma,A,1,1787,24
959,F,F,F,OTHER O.R. PROCEDURES FOR MULTIPLE SIGNIFICANT TRAUMA W/O CC/MCC,2.4507,Trauma,Trauma,A,0,187,24
963,F,F,T,OTHER MULTIPLE SIGNIFICANT TRAUMA W MCC,2.795,Trauma,Trauma,A,2,2699,24
964,F,F,T,OTHER MULTIPLE SIGNIFICANT TRAUMA W CC,1.4749,Trauma,Trauma,A,1,4520,24
965,F,F,T,OTHER MULTIPLE SIGNIFICANT TRAUMA W/O CC/MCC,0.9743,Trauma,Trauma,A,0,825,24
969,F,F,F,HIV W EXTENSIVE O.R. PROCEDURE W MCC,5.5987,Infectious Disease,Infectious Disease - Surgical,A,2,480,25
970,F,F,F,HIV W EXTENSIVE O.R. PROCEDURE W/O MCC,2.7877,Infectious Disease,Infectious Disease - Surgical,A,0,92,25
974,F,F,T,HIV W MAJOR RELATED CONDITION W MCC,2.723,Infectious Disease,Infectious Disease - Medical,A,2,4698,25
975,F,F,T,HIV W MAJOR RELATED CONDITION W CC,1.2899,Infectious Disease,Infectious Disease - Medical,A,1,2569,25
976,F,F,T,HIV W MAJOR RELATED CONDITION W/O CC/MCC,0.9386,Infectious Disease,Infectious Disease - Medical,A,0,551,25
977,F,F,T,HIV W OR W/O OTHER RELATED CONDITION,1.1699,Infectious Disease,Infectious Disease - Medical,A,9,1643,25
981,T,F,F,EXTENSIVE O.R. PROCEDURE UNRELATED TO PRINCIPAL DIAGNOSIS W MCC,4.3705,All Other,Miscellaneous - Surgical,A,2,30034, 
982,T,F,F,EXTENSIVE O.R. PROCEDURE UNRELATED TO PRINCIPAL DIAGNOSIS W CC,2.4529,All Other,Miscellaneous - Surgical,A,1,17586, 
983,T,F,F,EXTENSIVE O.R. PROCEDURE UNRELATED TO PRINCIPAL DIAGNOSIS W/O CC/MCC,1.5691,All Other,Miscellaneous - Surgical,A,0,3598, 
987,T,T,F,NON-EXTENSIVE O.R. PROC UNRELATED TO PRINCIPAL DIAGNOSIS W MCC,3.3326,All Other,Miscellaneous - Surgical,A,2,9718, 
988,T,T,F,NON-EXTENSIVE O.R. PROC UNRELATED TO PRINCIPAL DIAGNOSIS W CC,1.6931,All Other,Miscellaneous - Surgical,A,1,10010, 
989,T,T,F,NON-EXTENSIVE O.R. PROC UNRELATED TO PRINCIPAL DIAGNOSIS W/O CC/MCC,1.0407,All Other,Miscellaneous - Surgical,A,0,2083, 
685,F,F,T,ADMIT FOR RENAL DIALYSIS,1.0551,Nephrology/Urology,Nephrology,D,9,85,11
765,F,F,F,CESAREAN SECTION W CC/MCC,1.1771,OB/GYN,Obstetrics Delivered,D,2,3774,14
766,F,F,F,CESAREAN SECTION W/O CC/MCC,0.8372,OB/GYN,Obstetrics Delivered,D,0,2148,14
767,F,F,F,VAGINAL DELIVERY W STERILIZATION &/OR D&C,0.9309,OB/GYN,Obstetrics Delivered,D,9,369,14
774,F,F,T,VAGINAL DELIVERY W COMPLICATING DIAGNOSES,0.8305,OB/GYN,Obstetrics Delivered,D,9,1758,14
775,F,F,T,VAGINAL DELIVERY W/O COMPLICATING DIAGNOSES,0.6455,OB/GYN,Obstetrics Delivered,D,9,5022,14
777,F,F,T,ECTOPIC PREGNANCY,0.8783,OB/GYN,Obstetrics Delivered,D,9,79,14
778,F,F,T,THREATENED ABORTION,0.6088,OB/GYN,Obstetrics Non Delivered,D,9,220,14
780,F,F,T,FALSE LABOR,0.4879,OB/GYN,Obstetrics Non Delivered,D,9,46,14
781,F,F,T,OTHER ANTEPARTUM DIAGNOSES W MEDICAL COMPLICATIONS,0.8616,OB/GYN,Obstetrics Non Delivered,D,9,2499,14
782,F,F,T,OTHER ANTEPARTUM DIAGNOSES W/O MEDICAL COMPLICATIONS,0.6116,OB/GYN,Obstetrics Non Delivered,D,9,69,14
